country,year
Afghanistan,1955:4
,1956:3
,1957:92
,1958:253
,1959:405
,1960:40
,1961:56
,1962:64
,1963:40
,1964:56
,1965:91
,1966:198
,1967:230
,1968:145
,1969:92
,1970:9
,1971:154
,1972:129
,1975:90
,1976:230
,1977:74
,1978:281
,1979:362
,1980:355
,1981:385
,1982:298
,1983:239
,1984:380
,1985:165
,1986:296
,1987:575
,1988:1065
,1989:2176
,1990:1900
,1991:1438
,2002:34
,2005:46
,2006:3
,2007:41
,2008:150
,2009:344
,2010:377
,2011:661
,2012:528
,2013:239
,2014:296
African Union**,2005:53
,2006:9
,2008:10
,2013:1
Albania,1950:14
,1951:10
,1952:11
,1953:12
,1954:14
,1955:130
,1956:151
,1957:41
,1958:47
,1959:128
,1960:62
,1961:74
,1962:46
,1963:11
,1964:7
,1965:177
,1966:74
,1967:161
,1968:265
,1969:297
,1970:250
,1971:330
,1972:134
,1973:104
,1974:134
,1975:53
,1976:5
,1977:7
,1978:5
,1980:3
,1995:26
,2003:2
,2005:7
,2007:5
,2012:15
,2013:7
,2014:7
Algeria,1961:7
,1962:60
,1963:85
,1964:152
,1965:323
,1966:451
,1967:523
,1968:56
,1969:79
,1970:14
,1971:14
,1972:184
,1973:114
,1974:13
,1975:56
,1976:132
,1977:1075
,1978:1512
,1979:1881
,1980:1358
,1981:1236
,1982:1254
,1983:561
,1984:488
,1985:242
,1986:128
,1987:370
,1988:320
,1989:455
,1990:735
,1991:1035
,1992:20
,1993:20
,1994:182
,1995:295
,1996:83
,1997:37
,1998:98
,1999:370
,2000:412
,2001:546
,2002:249
,2003:195
,2004:242
,2005:159
,2006:300
,2007:489
,2008:1519
,2009:1065
,2010:808
,2011:1115
,2012:889
,2013:374
,2014:463
Amal (Lebanon)*,1985:29
,1986:31
ANC (South Africa)*,1988:0
Angola,1974:1
,1975:238
,1976:184
,1977:105
,1978:146
,1979:111
,1980:155
,1981:241
,1982:379
,1983:558
,1984:450
,1985:493
,1986:741
,1987:1236
,1988:986
,1989:152
,1990:140
,1993:122
,1994:108
,1995:1
,1996:44
,1997:7
,1998:154
,1999:363
,2000:146
,2001:156
,2002:148
,2003:48
,2004:8
,2005:39
,2006:7
,2007:31
,2008:29
,2009:20
,2013:31
Anti-Castro rebels (Cuba)*,1961:2
Argentina,1950:75
,1951:445
,1952:38
,1953:4
,1954:5
,1955:0
,1956:39
,1957:14
,1958:70
,1959:166
,1960:103
,1961:205
,1962:48
,1963:19
,1964:19
,1965:7
,1966:95
,1967:129
,1968:427
,1969:226
,1970:253
,1971:369
,1972:399
,1973:237
,1974:450
,1975:155
,1976:504
,1977:184
,1978:560
,1979:454
,1980:449
,1981:860
,1982:425
,1983:1325
,1984:694
,1985:455
,1986:229
,1987:224
,1988:71
,1989:14
,1990:167
,1992:27
,1993:14
,1994:209
,1995:43
,1996:28
,1997:105
,1998:172
,1999:267
,2000:213
,2001:6
,2002:16
,2003:12
,2004:168
,2005:3
,2006:9
,2007:24
,2008:23
,2009:16
,2010:14
,2011:46
,2012:36
,2013:41
,2014:17
Armas (Guatemala)*,1954:8
Armenia,1993:3
,1994:224
,1995:47
,1996:70
,1999:2
,2004:118
,2007:1
,2009:46
,2010:52
,2011:5
,2013:16
Australia,1950:462
,1951:365
,1952:408
,1953:153
,1954:125
,1955:637
,1956:451
,1957:445
,1958:534
,1959:412
,1960:113
,1961:40
,1962:752
,1963:204
,1964:533
,1965:900
,1966:695
,1967:759
,1968:445
,1969:828
,1970:240
,1971:309
,1972:60
,1973:701
,1974:884
,1975:96
,1976:81
,1977:268
,1978:1019
,1979:206
,1980:391
,1981:458
,1982:140
,1983:646
,1984:639
,1985:515
,1986:822
,1987:598
,1988:720
,1989:693
,1990:352
,1991:213
,1992:365
,1993:449
,1994:262
,1995:64
,1996:613
,1997:35
,1998:558
,1999:673
,2000:338
,2001:1253
,2002:679
,2003:818
,2004:491
,2005:478
,2006:744
,2007:675
,2008:445
,2009:775
,2010:1507
,2011:1583
,2012:879
,2013:333
,2014:842
Austria,1953:2
,1955:11
,1956:73
,1957:126
,1958:51
,1959:14
,1960:7
,1961:17
,1962:11
,1963:24
,1964:74
,1965:78
,1966:61
,1967:48
,1968:1
,1969:12
,1970:108
,1971:135
,1972:103
,1973:58
,1974:58
,1975:78
,1976:48
,1977:36
,1978:8
,1979:37
,1980:205
,1981:88
,1982:107
,1983:145
,1984:13
,1985:28
,1986:19
,1987:7
,1988:117
,1989:84
,1990:5
,1991:6
,1992:5
,1993:9
,1994:40
,1995:24
,1996:10
,1997:182
,1998:228
,1999:48
,2000:25
,2001:15
,2002:69
,2003:42
,2004:55
,2005:23
,2006:4
,2007:281
,2008:200
,2009:301
,2010:7
,2011:8
,2012:8
,2013:6
,2014:2
Azerbaijan,1993:50
,1994:25
,2000:3
,2002:89
,2004:4
,2005:53
,2006:158
,2007:211
,2008:29
,2009:142
,2010:146
,2011:557
,2012:333
,2013:395
,2014:640
Bahamas,1978:11
,1984:1
,1986:33
,1990:2
,1991:3
,2000:33
,2009:1
,2014:10
Bahrain,1965:1
,1966:1
,1971:0
,1972:7
,1973:0
,1974:1
,1977:2
,1978:9
,1979:8
,1980:21
,1981:42
,1982:59
,1983:10
,1984:131
,1985:53
,1986:132
,1987:248
,1988:137
,1989:71
,1990:362
,1991:68
,1992:42
,1993:1
,1994:8
,1995:71
,1996:54
,1997:198
,1998:7
,2000:299
,2001:30
,2002:54
,2003:1
,2004:10
,2005:66
,2006:63
,2007:26
,2008:20
,2010:103
,2011:1
,2012:26
,2013:78
,2014:10
Bangladesh,1971:9
,1972:2
,1973:78
,1974:44
,1975:39
,1976:70
,1977:62
,1978:45
,1979:1
,1980:55
,1981:62
,1982:127
,1983:112
,1984:59
,1985:63
,1986:3
,1988:241
,1989:301
,1990:187
,1991:79
,1992:113
,1993:44
,1994:61
,1995:119
,1996:7
,1997:25
,1999:185
,2000:203
,2001:266
,2002:41
,2003:8
,2004:32
,2005:10
,2006:221
,2007:88
,2008:13
,2010:35
,2011:193
,2012:252
,2013:719
,2014:268
Barbados,1981:9
,1984:1
,2007:10
,2008:10
,2009:10
Belarus,1998:41
,1999:41
,2005:6
,2006:139
,2009:3
,2011:75
,2012:75
,2013:75
,2014:60
Belgium,1950:198
,1951:485
,1952:920
,1953:704
,1954:411
,1955:361
,1956:682
,1957:681
,1958:888
,1959:176
,1960:92
,1961:137
,1962:193
,1963:573
,1964:648
,1965:509
,1966:105
,1967:35
,1968:216
,1969:232
,1970:528
,1971:509
,1972:512
,1973:599
,1974:111
,1975:128
,1976:177
,1977:180
,1978:410
,1979:801
,1980:589
,1981:522
,1982:438
,1983:583
,1984:575
,1985:295
,1986:98
,1987:106
,1988:422
,1989:218
,1990:320
,1991:133
,1992:48
,1993:76
,1994:49
,1995:16
,1996:3
,1997:53
,1998:55
,1999:58
,2000:35
,2001:29
,2002:56
,2003:21
,2004:15
,2005:3
,2006:26
,2007:174
,2008:202
,2009:89
,2010:31
,2011:20
,2012:28
,2013:46
,2014:103
Belize,1984:0
,1996:0
,2000:1
Benin,1961:2
,1962:1
,1964:2
,1966:1
,1970:0
,1971:2
,1973:1
,1978:26
,1979:7
,1982:10
,1983:3
,1984:1
,1985:3
,1987:1
,1988:0
,1989:0
,2002:7
,2007:3
,2009:1
,2010:0
,2011:0
,2012:20
,2013:2
Bhutan,1968:1
,2004:0
Biafra,1967:8
,1969:1
Bolivia,1951:6
,1954:2
,1958:26
,1959:3
,1960:6
,1961:4
,1962:2
,1963:4
,1964:2
,1965:1
,1966:1
,1967:15
,1968:16
,1969:1
,1970:2
,1971:3
,1972:13
,1973:10
,1974:20
,1975:33
,1976:16
,1977:1
,1978:11
,1979:30
,1980:58
,1981:25
,1982:6
,1985:27
,1986:18
,1988:56
,1989:66
,1991:11
,1992:26
,1993:17
,1994:9
,1995:2
,1999:9
,2000:19
,2003:5
,2004:1
,2005:1
,2006:9
,2007:2
,2008:3
,2009:5
,2010:1
,2011:25
,2012:12
,2013:2
,2014:46
Bosnia-Herzegovina,1993:6
,1994:6
,1996:58
,1997:70
,1998:2
,1999:25
Botswana,1977:1
,1978:1
,1979:7
,1980:2
,1981:9
,1985:4
,1987:31
,1988:40
,1989:1
,1990:22
,1991:2
,1992:2
,1993:11
,1995:11
,1996:32
,1997:71
,1998:2
,2000:53
,2001:15
,2002:1
,2003:9
,2004:8
,2009:13
,2010:10
,2013:8
Brazil,1951:423
,1953:133
,1954:113
,1955:375
,1956:55
,1957:151
,1958:140
,1959:129
,1960:236
,1961:212
,1962:57
,1963:131
,1964:25
,1965:150
,1966:56
,1967:218
,1968:236
,1969:110
,1970:219
,1971:181
,1972:514
,1973:601
,1974:254
,1975:515
,1976:572
,1977:553
,1978:895
,1979:407
,1980:367
,1981:64
,1982:75
,1983:92
,1984:125
,1985:89
,1986:150
,1987:246
,1988:127
,1989:742
,1990:150
,1991:168
,1992:90
,1993:58
,1994:313
,1995:248
,1996:545
,1997:473
,1998:244
,1999:367
,2000:124
,2001:630
,2002:213
,2003:100
,2004:81
,2005:224
,2006:179
,2007:189
,2008:179
,2009:184
,2010:318
,2011:313
,2012:331
,2013:259
,2014:352
Brunei,1965:5
,1966:1
,1967:18
,1968:1
,1970:5
,1971:18
,1972:2
,1973:1
,1974:15
,1975:1
,1976:0
,1978:46
,1979:65
,1981:8
,1982:12
,1983:85
,1984:60
,1986:13
,1990:3
,1991:3
,1996:17
,1997:31
,1998:7
,1999:5
,2001:4
,2002:1
,2003:0
,2004:0
,2005:1
,2006:2
,2009:33
,2010:33
,2011:229
,2012:22
,2013:15
,2014:144
Bulgaria,1950:49
,1951:61
,1952:91
,1953:363
,1954:615
,1955:305
,1956:319
,1957:456
,1958:631
,1959:165
,1960:474
,1961:522
,1962:493
,1963:537
,1964:325
,1965:371
,1966:218
,1967:329
,1968:250
,1969:532
,1970:765
,1971:395
,1972:465
,1973:290
,1974:305
,1975:394
,1976:375
,1977:492
,1978:885
,1979:322
,1980:574
,1981:961
,1982:575
,1983:492
,1984:709
,1985:586
,1986:913
,1987:429
,1988:242
,1989:333
,1990:758
,1991:339
,1992:45
,1993:1
,1994:1
,1995:1
,1996:122
,1999:7
,2003:2
,2004:12
,2005:132
,2006:22
,2007:48
,2008:116
,2009:119
,2010:8
,2011:29
,2012:5
Burkina Faso,1961:1
,1964:1
,1965:0
,1966:0
,1968:0
,1969:1
,1970:1
,1971:1
,1975:8
,1976:8
,1977:9
,1980:0
,1981:9
,1982:1
,1983:16
,1984:9
,1985:2
,1986:2
,1988:12
,1991:4
,1993:7
,1999:0
,2005:18
,2006:1
,2007:4
,2009:2
,2010:0
,2011:15
,2012:4
,2014:5
Burundi,1966:5
,1967:2
,1969:3
,1973:0
,1980:1
,1981:5
,1982:3
,1983:8
,1984:2
,1989:6
,1990:6
,2001:1
,2002:3
,2009:1
,2010:2
,2012:5
Cambodia,1954:2
,1955:17
,1956:26
,1957:21
,1958:4
,1959:2
,1960:1
,1961:2
,1962:8
,1963:11
,1964:39
,1965:39
,1966:37
,1967:20
,1968:15
,1969:20
,1970:6
,1971:21
,1972:110
,1973:126
,1974:23
,1978:43
,1980:34
,1983:13
,1984:67
,1985:68
,1986:134
,1987:50
,1988:10
,1989:119
,1990:45
,1993:2
,1994:73
,1995:1
,1996:33
,1997:21
,2006:14
,2007:56
,2009:4
,2010:34
,2012:77
,2013:66
Cameroon,1961:0
,1963:2
,1964:0
,1965:2
,1966:2
,1967:3
,1968:3
,1971:8
,1972:1
,1973:12
,1976:29
,1977:73
,1979:1
,1981:26
,1982:116
,1983:5
,1984:132
,1985:17
,1986:12
,1987:5
,1988:1
,1989:3
,1990:8
,1992:3
,1996:4
,1997:6
,1998:9
,1999:4
,2001:7
,2002:6
,2005:5
,2006:2
,2008:1
,2010:10
,2013:20
,2014:107
Canada,1950:605
,1951:1000
,1952:1060
,1953:1629
,1954:1206
,1955:970
,1956:718
,1957:749
,1958:252
,1959:368
,1960:170
,1961:1747
,1962:1071
,1963:1017
,1964:728
,1965:527
,1966:273
,1967:243
,1968:324
,1969:504
,1970:611
,1971:455
,1972:382
,1973:80
,1974:196
,1975:223
,1976:28
,1977:28
,1978:172
,1979:235
,1980:441
,1981:452
,1982:274
,1983:647
,1984:646
,1985:919
,1986:886
,1987:788
,1988:741
,1989:67
,1990:159
,1991:751
,1992:407
,1993:194
,1994:464
,1995:397
,1996:422
,1997:362
,1998:129
,1999:193
,2000:566
,2001:537
,2002:427
,2003:152
,2004:351
,2005:123
,2006:103
,2007:455
,2008:405
,2009:99
,2010:228
,2011:344
,2012:193
,2013:216
,2014:318
Cape Verde,1976:2
,1979:18
,1982:26
,1992:3
,1998:9
,2000:1
,2009:2
,2012:10
Central African Republic,1961:2
,1965:1
,1966:2
,1968:3
,1971:2
,1973:0
,1978:0
,1980:0
,1981:1
,1982:2
,1983:5
,1984:1
,1985:6
,1988:1
,1992:1
,2006:9
,2008:0
,2011:7
Chad,1960:1
,1961:1
,1965:0
,1971:4
,1973:3
,1974:9
,1975:10
,1976:8
,1977:3
,1980:10
,1983:33
,1984:9
,1985:1
,1986:27
,1987:15
,1988:9
,1989:57
,1994:3
,1995:1
,1998:7
,1999:7
,2001:16
,2006:17
,2007:20
,2008:75
,2009:35
,2010:38
,2011:1
,2012:4
,2013:59
,2014:57
Chile,1950:1
,1951:247
,1952:19
,1953:10
,1954:40
,1955:5
,1956:90
,1957:28
,1958:32
,1959:25
,1960:312
,1961:45
,1962:14
,1963:127
,1964:34
,1965:57
,1966:79
,1967:139
,1968:62
,1969:17
,1970:60
,1971:203
,1972:50
,1973:278
,1974:299
,1975:197
,1976:404
,1977:23
,1978:117
,1979:103
,1980:145
,1981:148
,1982:344
,1983:137
,1984:450
,1985:10
,1986:174
,1987:156
,1988:87
,1989:141
,1990:130
,1991:111
,1992:173
,1993:88
,1994:82
,1995:342
,1996:178
,1997:296
,1998:87
,1999:206
,2000:202
,2001:60
,2002:74
,2003:187
,2004:70
,2005:449
,2006:1095
,2007:662
,2008:397
,2009:335
,2010:475
,2011:316
,2012:58
,2013:47
,2014:107
China,1950:2701
,1951:2307
,1952:3797
,1953:3512
,1954:3475
,1955:1540
,1956:2255
,1957:2126
,1958:2779
,1959:3159
,1960:2431
,1961:936
,1962:307
,1963:450
,1964:395
,1965:218
,1966:259
,1967:145
,1968:182
,1969:2
,1970:2
,1971:2
,1972:2
,1973:3
,1974:3
,1975:3
,1976:3
,1977:75
,1978:86
,1979:12
,1980:7
,1981:2
,1982:15
,1983:27
,1984:73
,1985:115
,1986:17
,1987:53
,1988:69
,1989:110
,1990:214
,1991:392
,1992:1169
,1993:1187
,1994:274
,1995:680
,1996:1494
,1997:900
,1998:383
,1999:1787
,2000:2555
,2001:2836
,2002:2893
,2003:2373
,2004:3320
,2005:3554
,2006:2900
,2007:1678
,2008:1906
,2009:1407
,2010:937
,2011:1020
,2012:1651
,2013:1715
,2014:1357
Colombia,1950:3
,1951:8
,1952:15
,1953:12
,1954:31
,1955:13
,1956:35
,1957:16
,1958:298
,1959:10
,1960:5
,1961:64
,1962:4
,1963:22
,1964:9
,1965:13
,1966:32
,1967:15
,1968:32
,1969:121
,1970:4
,1971:35
,1972:129
,1973:165
,1974:1
,1975:287
,1976:3
,1977:8
,1978:12
,1979:36
,1980:15
,1981:28
,1982:18
,1983:301
,1984:660
,1985:10
,1986:6
,1987:4
,1988:37
,1989:224
,1990:13
,1991:70
,1992:36
,1993:68
,1994:42
,1995:35
,1996:50
,1997:196
,1998:158
,1999:44
,2000:60
,2001:278
,2002:171
,2003:147
,2004:18
,2005:16
,2006:56
,2007:234
,2008:110
,2009:248
,2010:257
,2011:145
,2012:251
,2013:162
,2014:179
Comoros,1976:1
,1977:1
,1987:1
,2008:6
,2012:1
Congo,1960:1
,1961:0
,1963:0
,1965:0
,1968:1
,1969:24
,1970:9
,1971:25
,1972:2
,1974:7
,1975:2
,1976:2
,1978:35
,1979:25
,1980:17
,1981:3
,1982:11
,1983:25
,1984:25
,1985:3
,1988:28
,1989:44
,1990:44
,1997:27
,1998:0
,1999:1
,2000:0
,2005:4
,2006:1
,2007:0
,2009:1
,2010:27
,2012:23
,2013:12
,2014:13
Contras (Nicaragua)*,1983:7
,1984:1
,1986:5
,1987:14
Costa Rica,1955:3
,1956:0
,1963:1
,1966:0
,1973:2
,1975:3
,1978:6
,1979:2
,1980:1
,1984:0
,1985:2
,1986:1
,1989:2
,1993:3
,2012:1
,2014:1
Cote d'Ivoire,1961:3
,1962:1
,1963:1
,1966:2
,1967:3
,1968:19
,1969:2
,1970:7
,1971:17
,1972:1
,1974:18
,1977:22
,1978:16
,1979:38
,1980:59
,1981:20
,1984:10
,1989:2
,1992:0
,1995:2
,1997:0
,1999:2
,2000:0
,2002:32
,2003:62
,2004:9
,2014:11
Croatia,1991:1
,1992:27
,1993:27
,1994:53
,1995:1
,1996:15
,1997:31
,2001:62
,2002:2
,2003:24
,2004:8
,2007:15
,2008:99
,2009:4
,2010:10
,2011:17
,2012:17
,2014:63
Cuba,1951:9
,1952:0
,1953:0
,1954:3
,1955:13
,1956:35
,1957:8
,1958:23
,1959:10
,1960:127
,1961:526
,1962:1276
,1963:290
,1964:246
,1965:130
,1966:232
,1967:162
,1968:155
,1969:155
,1970:155
,1971:162
,1972:462
,1973:430
,1974:418
,1975:200
,1976:317
,1977:615
,1978:509
,1979:410
,1980:347
,1981:976
,1982:978
,1983:775
,1984:417
,1985:352
,1986:281
,1987:73
,1988:167
,1989:94
,1990:169
,1991:159
Cyprus,1964:15
,1965:22
,1973:1
,1982:5
,1983:19
,1984:25
,1985:32
,1986:38
,1987:33
,1988:134
,1989:29
,1990:68
,1991:79
,1992:26
,1993:10
,1994:39
,1995:33
,1996:170
,1997:98
,1998:7
,1999:113
,2000:4
,2001:115
,2002:1
,2003:6
,2004:16
,2005:20
,2006:26
,2007:17
,2010:44
,2011:41
,2012:6
Czechoslovakia,1950:96
,1951:409
,1952:783
,1953:955
,1954:1252
,1955:1267
,1956:468
,1957:152
,1958:561
,1959:839
,1960:533
,1961:666
,1962:546
,1963:584
,1964:578
,1965:702
,1966:695
,1967:759
,1968:874
,1969:851
,1970:748
,1971:1123
,1972:978
,1973:1080
,1974:1110
,1975:852
,1976:215
,1977:301
,1978:561
,1979:498
,1980:468
,1981:857
,1982:932
,1983:829
,1984:920
,1985:1158
,1986:802
,1987:660
,1988:752
,1989:1029
,1990:132
,1991:57
Czech Republic,1995:0
,1996:24
,1997:6
,1998:0
,1999:1
,2000:14
,2001:65
,2002:47
,2003:97
,2004:7
,2005:593
,2006:47
,2007:13
,2008:23
,2009:6
,2010:13
,2011:71
,2012:14
,2013:8
Denmark,1950:96
,1951:72
,1952:361
,1953:652
,1954:168
,1955:157
,1956:155
,1957:154
,1958:97
,1959:250
,1960:109
,1961:312
,1962:57
,1963:133
,1964:482
,1965:449
,1966:66
,1967:72
,1968:71
,1969:19
,1970:312
,1971:362
,1972:111
,1974:39
,1975:149
,1976:360
,1977:372
,1978:367
,1979:57
,1980:574
,1981:572
,1982:564
,1983:231
,1984:72
,1985:92
,1986:16
,1987:99
,1988:98
,1989:182
,1990:121
,1991:148
,1992:61
,1993:56
,1994:85
,1995:133
,1996:71
,1997:77
,1998:116
,1999:68
,2000:53
,2001:156
,2002:51
,2003:54
,2004:228
,2005:119
,2006:83
,2007:148
,2008:95
,2009:129
,2010:17
,2012:105
,2013:42
,2014:177
Djibouti,1977:3
,1978:6
,1979:33
,1980:5
,1981:2
,1982:3
,1983:3
,1985:1
,1986:8
,1987:1
,1991:1
,1992:19
,1993:5
,1995:3
,2000:1
,2002:3
,2004:4
,2005:7
,2012:6
,2013:8
,2014:10
Dominican Republic,1950:2
,1951:12
,1952:44
,1953:21
,1954:2
,1955:6
,1956:6
,1957:1
,1958:17
,1959:4
,1960:19
,1961:11
,1962:0
,1963:7
,1964:5
,1965:10
,1966:9
,1967:2
,1968:1
,1969:0
,1970:1
,1971:2
,1972:7
,1973:0
,1975:2
,1976:12
,1980:9
,1981:5
,1982:32
,1984:25
,1985:3
,1986:0
,1988:3
,1996:4
,1998:6
,1999:1
,2000:13
,2001:5
,2002:0
,2003:8
,2004:35
,2005:2
,2009:10
,2010:51
,2011:12
DR Congo,1960:2
,1961:9
,1962:13
,1963:31
,1964:87
,1965:28
,1966:11
,1969:28
,1970:19
,1971:155
,1972:15
,1973:5
,1974:11
,1975:391
,1976:132
,1977:31
,1978:38
,1979:15
,1980:10
,1981:12
,1982:15
,1983:5
,1984:16
,1985:1
,1986:1
,1987:36
,1988:1
,1990:4
,1992:2
,1995:0
,1996:68
,1997:6
,1998:10
,1999:46
,2000:88
,2001:18
,2002:14
,2005:19
,2006:17
,2008:18
,2009:41
,2010:151
,2012:10
,2013:1
East Germany (GDR),1950:29
,1952:170
,1953:87
,1954:10
,1956:664
,1957:1122
,1958:1071
,1959:485
,1960:313
,1961:237
,1962:904
,1963:937
,1964:1162
,1965:1023
,1966:1522
,1967:913
,1968:997
,1969:1177
,1970:1310
,1971:1037
,1972:888
,1973:493
,1974:428
,1975:575
,1976:1296
,1977:1078
,1978:1079
,1979:912
,1980:914
,1981:778
,1982:1100
,1983:950
,1984:1106
,1985:1363
,1986:649
,1987:357
,1988:594
,1989:697
,1990:399
Ecuador,1953:11
,1954:14
,1955:124
,1956:6
,1958:13
,1960:66
,1963:3
,1964:3
,1965:32
,1967:14
,1968:5
,1969:1
,1970:5
,1971:81
,1972:35
,1973:15
,1974:25
,1975:43
,1976:226
,1977:574
,1978:191
,1979:109
,1980:257
,1981:123
,1982:266
,1983:417
,1984:369
,1985:23
,1986:25
,1987:40
,1988:26
,1989:20
,1990:3
,1991:139
,1992:4
,1993:18
,1994:9
,1995:40
,1996:30
,1997:95
,1998:27
,1999:17
,2001:10
,2002:1
,2004:15
,2005:48
,2006:17
,2007:2
,2008:102
,2009:77
,2010:90
,2011:68
,2012:88
,2013:11
,2014:53
Egypt,1950:163
,1951:58
,1952:0
,1953:1
,1954:142
,1955:689
,1956:1076
,1957:479
,1958:484
,1959:331
,1960:141
,1961:335
,1962:851
,1963:785
,1964:867
,1965:971
,1966:1551
,1967:2361
,1968:1374
,1969:1331
,1970:1807
,1971:1964
,1972:3328
,1973:2584
,1974:1099
,1975:571
,1976:164
,1977:414
,1978:125
,1979:621
,1980:1004
,1981:1182
,1982:2505
,1983:1732
,1984:1521
,1985:991
,1986:1495
,1987:1676
,1988:440
,1989:304
,1990:576
,1991:935
,1992:1023
,1993:1205
,1994:1974
,1995:1713
,1996:993
,1997:1040
,1998:468
,1999:513
,2000:837
,2001:847
,2002:722
,2003:633
,2004:613
,2005:726
,2006:748
,2007:707
,2008:336
,2009:159
,2010:686
,2011:630
,2012:281
,2013:628
,2014:292
El Salvador,1950:1
,1954:1
,1957:17
,1963:0
,1965:1
,1966:1
,1967:0
,1968:20
,1969:8
,1970:9
,1971:1
,1973:2
,1974:29
,1975:50
,1976:15
,1977:8
,1978:3
,1979:6
,1980:12
,1981:5
,1982:35
,1983:12
,1984:62
,1985:44
,1986:5
,1991:21
,1992:5
,1993:2
,1995:5
,1996:5
,1998:2
,2002:19
,2003:10
,2008:4
,2012:2
,2014:20
ENLF (Ethiopia)*,1974:2
,1975:2
EPLF (Ethiopia)*,1980:0
,1981:1
,1982:1
,1983:0
Equatorial Guinea,1978:4
,1980:1
,1982:5
,1999:3
,2001:7
,2004:7
,2005:12
,2007:28
,2008:30
,2009:68
,2010:3
,2011:84
,2012:65
,2013:2
,2014:92
Eritrea,1993:21
,1994:20
,1995:7
,1996:41
,1997:53
,1998:214
,1999:31
,2000:20
,2001:57
,2002:18
,2003:17
,2004:80
,2005:98
,2007:4
Estonia,1992:2
,1993:3
,1994:15
,1995:17
,1996:1
,1997:14
,1998:4
,1999:1
,2000:27
,2002:1
,2003:14
,2004:8
,2005:23
,2006:7
,2007:19
,2008:29
,2009:43
,2010:13
,2011:1
,2012:2
,2013:18
,2014:16
Ethiopia,1950:2
,1951:19
,1953:6
,1954:8
,1955:1
,1956:1
,1957:6
,1958:23
,1959:6
,1960:24
,1961:8
,1962:21
,1963:2
,1964:4
,1965:14
,1966:86
,1967:30
,1968:33
,1969:24
,1970:89
,1971:54
,1972:33
,1973:5
,1974:16
,1975:58
,1976:130
,1977:1071
,1978:983
,1979:113
,1980:367
,1981:365
,1982:558
,1983:406
,1984:360
,1985:334
,1986:435
,1987:326
,1988:229
,1989:47
,1990:3
,1991:80
,1997:69
,1998:211
,1999:155
,2000:140
,2002:20
,2003:174
,2004:239
,2010:54
,2011:76
,2012:193
,2013:153
,2014:11
Fiji,1975:8
,1976:4
,1990:1
,1992:3
,1994:6
,1995:12
Finland,1952:19
,1955:11
,1956:15
,1957:3
,1958:25
,1959:41
,1960:54
,1961:65
,1962:38
,1963:237
,1964:77
,1965:75
,1966:35
,1967:76
,1968:23
,1969:21
,1970:15
,1971:5
,1972:26
,1973:13
,1974:174
,1975:127
,1976:90
,1977:30
,1978:105
,1979:47
,1980:330
,1981:128
,1982:145
,1983:122
,1984:137
,1985:212
,1986:97
,1987:69
,1988:143
,1989:85
,1990:90
,1991:62
,1992:435
,1993:409
,1994:251
,1995:197
,1996:507
,1997:397
,1998:551
,1999:768
,2000:474
,2001:9
,2002:12
,2003:227
,2004:77
,2005:105
,2006:134
,2007:109
,2008:143
,2009:43
,2010:58
,2011:58
,2012:76
,2013:260
,2014:201
FMLN (El Salvador)*,1989:1
,1990:2
FNLA (Angola)*,1975:23
France,1950:218
,1951:952
,1952:1108
,1953:1684
,1954:1396
,1955:1284
,1956:1231
,1957:683
,1958:1075
,1959:846
,1960:421
,1961:253
,1962:129
,1963:63
,1964:1145
,1965:215
,1966:76
,1967:93
,1968:113
,1969:101
,1970:124
,1971:141
,1972:93
,1973:123
,1974:53
,1975:45
,1976:233
,1977:252
,1978:285
,1979:71
,1980:82
,1981:113
,1982:149
,1983:110
,1984:68
,1985:15
,1986:96
,1987:84
,1988:108
,1989:136
,1990:60
,1991:973
,1992:391
,1993:91
,1994:75
,1995:97
,1996:64
,1997:201
,1998:174
,1999:110
,2000:107
,2001:66
,2002:43
,2003:57
,2004:93
,2005:2
,2006:67
,2007:74
,2008:5
,2009:76
,2010:103
,2011:34
,2012:92
,2013:103
,2014:20
FRELIMO (Portugal)*,1973:1
Gabon,1961:3
,1964:3
,1965:0
,1966:2
,1968:2
,1969:4
,1970:1
,1971:24
,1973:2
,1974:10
,1975:35
,1976:48
,1977:28
,1978:80
,1980:26
,1981:37
,1982:5
,1983:11
,1984:102
,1985:2
,1986:7
,1987:10
,1988:29
,1989:10
,1990:30
,2004:6
,2006:20
,2007:18
,2010:22
,2011:5
,2012:1
,2013:2
Gambia,1969:0
,1981:3
,1989:12
,2004:5
,2009:16
Georgia,1993:4
,1997:4
,1998:28
,1999:23
,2000:6
,2001:85
,2003:1
,2004:37
,2005:92
,2006:97
,2007:154
,2008:91
,2009:35
,2011:2
,2013:5
Germany (FRG),1955:85
,1956:1296
,1957:2129
,1958:2879
,1959:1506
,1960:2009
,1961:1970
,1962:2462
,1963:3217
,1964:3694
,1965:3319
,1966:3203
,1967:1301
,1968:993
,1969:1262
,1970:1393
,1971:2575
,1972:864
,1973:1786
,1974:2185
,1975:1874
,1976:1395
,1977:1034
,1978:709
,1979:67
,1980:237
,1981:352
,1982:529
,1983:472
,1984:391
,1985:89
,1986:289
,1987:321
,1988:430
,1989:703
,1990:711
,1991:705
,1992:687
,1993:536
,1994:405
,1995:211
,1996:206
,1997:61
,1998:543
,1999:129
,2000:113
,2001:133
,2002:71
,2003:64
,2004:239
,2005:204
,2006:416
,2007:82
,2008:292
,2009:339
,2010:282
,2011:84
,2012:164
,2013:140
,2014:120
Ghana,1959:1
,1960:12
,1961:105
,1962:20
,1963:6
,1964:40
,1965:40
,1966:24
,1967:1
,1972:12
,1973:8
,1974:19
,1975:28
,1976:34
,1978:18
,1979:7
,1980:53
,1981:50
,1985:5
,1987:13
,1989:2
,1990:4
,1991:1
,1994:11
,1996:7
,1997:5
,1999:7
,2000:1
,2001:12
,2002:1
,2003:6
,2004:35
,2005:0
,2006:0
,2007:16
,2009:11
,2010:2
,2011:76
,2012:39
,2013:63
,2014:1
Greece,1950:35
,1951:521
,1952:314
,1953:90
,1954:241
,1955:329
,1956:218
,1957:171
,1958:453
,1959:276
,1960:264
,1961:80
,1962:328
,1963:98
,1964:631
,1965:486
,1966:210
,1967:370
,1968:105
,1969:303
,1970:302
,1971:585
,1972:706
,1973:247
,1974:418
,1975:912
,1976:1314
,1977:991
,1978:1280
,1979:739
,1980:665
,1981:948
,1982:462
,1983:404
,1984:364
,1985:189
,1986:202
,1987:36
,1988:531
,1989:1172
,1990:899
,1991:475
,1992:2132
,1993:968
,1994:1176
,1995:874
,1996:382
,1997:812
,1998:1725
,1999:845
,2000:708
,2001:787
,2002:400
,2003:2271
,2004:1368
,2005:405
,2006:731
,2007:1712
,2008:516
,2009:1225
,2010:648
,2011:77
,2012:33
,2013:52
,2014:213
Grenada,1982:1
Guatemala,1951:6
,1954:2
,1955:9
,1956:6
,1959:5
,1960:16
,1962:1
,1963:7
,1964:8
,1965:5
,1967:1
,1968:16
,1969:1
,1971:46
,1972:1
,1973:1
,1974:15
,1975:52
,1976:18
,1977:1
,1978:1
,1979:5
,1980:8
,1981:47
,1982:16
,1983:2
,1984:7
,1985:25
,1986:2
,1987:0
,1988:0
,1989:4
,1990:0
,1991:0
,1993:14
,1994:5
,1995:5
,1996:2
,1998:1
,2008:0
,2012:2
Guinea,1959:17
,1960:33
,1961:0
,1963:0
,1964:0
,1965:17
,1967:6
,1969:0
,1970:1
,1971:4
,1972:4
,1973:18
,1974:24
,1975:2
,1976:18
,1977:8
,1978:45
,1979:69
,1981:1
,1982:1
,1983:1
,1986:40
,1989:60
,1990:1
,1998:4
,2000:18
,2001:6
,2003:2
,2005:1
,2007:0
,2010:4
,2011:1
,2012:4
,2014:5
Guinea-Bissau,1974:21
,1975:10
,1976:12
,1978:14
,1979:24
,1980:2
,1981:1
,1984:11
,1986:35
,1988:20
,1990:20
,1991:6
,1993:5
GUNT (Chad)*,1985:4
,1986:4
Guyana,1968:0
,1971:2
,1974:2
,1975:0
,1976:15
,1978:1
,1979:5
,1980:4
,1981:14
,1983:3
,1984:7
,1985:23
,2001:7
,2002:3
,2008:0
Haiti,1950:4
,1952:3
,1955:0
,1956:6
,1960:5
,1964:2
,1969:8
,1973:2
,1974:4
,1975:1
,1976:1
,1977:0
,1978:9
,1981:4
,1982:4
,1983:3
,1985:10
Haiti rebels*,1969:7
Hamas (Palestine)*,2010:1
,2011:2
,2014:0
Hezbollah (Lebanon)*,1980:0
,1981:0
,1982:0
,1983:0
,1984:1
,1985:1
,1986:1
,1987:1
,1988:1
,1989:1
,1990:1
,1991:1
,1992:1
,1993:1
,1994:1
,1995:1
,1996:2
,1997:1
,1998:0
,1999:0
,2000:0
,2001:0
,2002:3
,2003:0
,2004:1
,2005:0
,2006:9
,2009:20
,2010:20
Honduras,1951:1
,1952:1
,1954:1
,1956:9
,1957:1
,1958:20
,1959:1
,1962:14
,1965:1
,1966:6
,1969:19
,1973:1
,1975:31
,1976:32
,1977:25
,1978:29
,1979:9
,1980:13
,1981:27
,1982:30
,1983:33
,1984:25
,1985:35
,1986:75
,1987:12
,1988:43
,1989:16
,2008:0
,2011:0
,2012:0
,2013:20
,2014:13
Hungary,1950:56
,1951:53
,1952:13
,1953:802
,1954:696
,1955:218
,1956:1
,1957:59
,1958:204
,1959:358
,1960:626
,1961:575
,1962:290
,1963:379
,1964:747
,1965:667
,1966:149
,1967:294
,1968:275
,1969:446
,1970:22
,1971:247
,1972:121
,1973:402
,1974:567
,1975:498
,1976:378
,1977:394
,1978:589
,1979:485
,1980:387
,1981:144
,1982:142
,1983:117
,1984:251
,1985:229
,1986:74
,1987:75
,1988:35
,1989:59
,1990:14
,1991:22
,1993:928
,1994:2
,1995:1
,1996:156
,1997:99
,1998:46
,1999:72
,2000:14
,2001:14
,2004:72
,2005:13
,2006:253
,2007:196
,2008:5
,2009:4
,2010:18
,2011:9
,2013:2
,2014:7
Iceland,1960:20
,1968:27
,1975:27
,2011:50
India,1950:140
,1951:282
,1952:107
,1953:436
,1954:264
,1955:348
,1956:366
,1957:978
,1958:953
,1959:855
,1960:547
,1961:1122
,1962:371
,1963:647
,1964:920
,1965:1049
,1966:994
,1967:1189
,1968:1421
,1969:1440
,1970:1109
,1971:1667
,1972:1860
,1973:1266
,1974:1277
,1975:1003
,1976:1798
,1977:2522
,1978:1232
,1979:1228
,1980:1829
,1981:2186
,1982:2321
,1983:2661
,1984:2813
,1985:3092
,1986:4131
,1987:3894
,1988:3976
,1989:3940
,1990:2724
,1991:1897
,1992:1207
,1993:732
,1994:883
,1995:1479
,1996:902
,1997:1706
,1998:798
,1999:1216
,2000:982
,2001:1309
,2002:1921
,2003:2888
,2004:2180
,2005:1161
,2006:1470
,2007:2297
,2008:1867
,2009:1986
,2010:2955
,2011:3682
,2012:4591
,2013:5566
,2014:4243
Indonesia,1950:212
,1951:58
,1952:14
,1953:6
,1954:16
,1955:25
,1956:42
,1957:34
,1958:612
,1959:717
,1960:444
,1961:895
,1962:1077
,1963:186
,1964:539
,1965:338
,1966:16
,1967:1
,1968:1
,1969:9
,1970:28
,1971:94
,1972:5
,1973:73
,1974:73
,1975:4
,1976:156
,1977:60
,1978:126
,1979:376
,1980:903
,1981:800
,1982:360
,1983:230
,1984:103
,1985:289
,1986:432
,1987:264
,1988:294
,1989:248
,1990:202
,1991:11
,1992:52
,1993:214
,1994:466
,1995:282
,1996:380
,1997:108
,1998:89
,1999:164
,2000:151
,2001:27
,2002:68
,2003:356
,2004:79
,2005:36
,2006:63
,2007:578
,2008:238
,2009:437
,2010:225
,2011:263
,2012:221
,2013:805
,2014:1200
Indonesia rebels*,1958:6
Iran,1950:4
,1951:6
,1952:0
,1953:1
,1954:75
,1955:111
,1956:121
,1957:53
,1958:119
,1959:96
,1960:11
,1961:107
,1962:110
,1963:137
,1964:141
,1965:182
,1966:447
,1967:382
,1968:895
,1969:1237
,1970:1182
,1971:1697
,1972:1378
,1973:2015
,1974:2827
,1975:5142
,1976:4466
,1977:5559
,1978:3743
,1979:535
,1980:278
,1981:487
,1982:541
,1983:509
,1984:478
,1985:638
,1986:803
,1987:833
,1988:478
,1989:192
,1990:454
,1991:1022
,1992:432
,1993:987
,1994:452
,1995:296
,1996:615
,1997:178
,1998:381
,1999:323
,2000:418
,2001:528
,2002:435
,2003:282
,2004:121
,2005:57
,2006:423
,2007:331
,2008:62
,2009:62
,2010:103
,2011:103
,2012:47
,2013:31
,2014:13
Iraq,1952:59
,1953:55
,1954:19
,1955:92
,1956:97
,1957:4
,1958:186
,1959:169
,1960:167
,1961:117
,1962:277
,1963:201
,1964:321
,1965:247
,1966:340
,1967:343
,1968:369
,1969:407
,1970:153
,1971:186
,1972:629
,1973:1870
,1974:1439
,1975:1100
,1976:1134
,1977:1083
,1978:1816
,1979:1230
,1980:2101
,1981:2429
,1982:3088
,1983:3317
,1984:4556
,1985:4132
,1986:3392
,1987:3473
,1988:1912
,1989:1482
,1990:779
,2004:72
,2005:189
,2006:305
,2007:263
,2008:380
,2009:402
,2010:453
,2011:605
,2012:476
,2013:344
,2014:627
Ireland,1950:2
,1953:4
,1956:8
,1959:1
,1960:1
,1963:2
,1964:1
,1970:7
,1971:9
,1972:22
,1973:3
,1974:1
,1975:4
,1976:3
,1977:5
,1978:28
,1979:31
,1980:48
,1981:15
,1984:11
,1986:38
,1988:24
,1991:11
,1994:43
,1998:3
,1999:35
,2000:0
,2001:44
,2002:22
,2004:19
,2005:5
,2006:13
,2007:19
,2008:22
,2009:0
,2010:5
,2011:2
,2012:1
,2014:40
Israel,1950:53
,1951:91
,1952:75
,1953:112
,1954:49
,1955:117
,1956:641
,1957:30
,1958:40
,1959:218
,1960:378
,1961:84
,1962:261
,1963:401
,1964:422
,1965:437
,1966:319
,1967:365
,1968:910
,1969:1320
,1970:1113
,1971:1336
,1972:913
,1973:1957
,1974:1166
,1975:1681
,1976:1965
,1977:1289
,1978:1359
,1979:710
,1980:1273
,1981:1660
,1982:869
,1983:491
,1984:288
,1985:310
,1986:1181
,1987:1080
,1988:582
,1989:24
,1990:84
,1991:1227
,1992:1313
,1993:715
,1994:756
,1995:363
,1996:117
,1997:67
,1998:1291
,1999:1191
,2000:368
,2001:131
,2002:349
,2003:246
,2004:852
,2005:1133
,2006:1122
,2007:862
,2008:676
,2009:153
,2010:54
,2011:65
,2012:400
,2013:352
,2014:184
Italy,1950:158
,1951:235
,1952:459
,1953:771
,1954:308
,1955:587
,1956:1151
,1957:941
,1958:417
,1959:411
,1960:390
,1961:414
,1962:675
,1963:1004
,1964:1036
,1965:721
,1966:393
,1967:105
,1968:182
,1969:435
,1970:468
,1971:953
,1972:1611
,1973:874
,1974:983
,1975:888
,1976:709
,1977:756
,1978:916
,1979:768
,1980:554
,1981:131
,1982:251
,1983:307
,1984:269
,1985:206
,1986:199
,1987:183
,1988:182
,1989:196
,1990:160
,1991:192
,1992:174
,1993:228
,1994:203
,1995:334
,1996:286
,1997:519
,1998:56
,1999:25
,2000:241
,2001:221
,2002:242
,2003:557
,2004:444
,2005:163
,2006:434
,2007:515
,2008:220
,2009:109
,2010:116
,2011:301
,2012:257
,2013:92
,2014:151
Jamaica,1962:1
,1963:1
,1964:0
,1967:2
,1971:1
,1973:13
,1974:8
,1975:4
,1976:1
,1977:3
,1978:4
,1981:0
,1985:5
,1986:3
,1989:4
,1998:10
,1999:10
,2005:10
,2006:10
,2007:13
,2008:2
,2010:1
,2013:1
Japan,1952:1
,1953:215
,1954:305
,1955:414
,1956:772
,1957:1062
,1958:1236
,1959:683
,1960:894
,1961:356
,1962:228
,1963:352
,1964:1848
,1965:1205
,1966:333
,1967:575
,1968:476
,1969:401
,1970:483
,1971:536
,1972:573
,1973:530
,1974:892
,1975:1572
,1976:1579
,1977:942
,1978:1064
,1979:961
,1980:1043
,1981:1317
,1982:1432
,1983:1683
,1984:2040
,1985:1965
,1986:1879
,1987:1928
,1988:1976
,1989:2246
,1990:2654
,1991:2915
,1992:2487
,1993:2119
,1994:1006
,1995:1222
,1996:838
,1997:807
,1998:1458
,1999:1257
,2000:483
,2001:430
,2002:466
,2003:476
,2004:399
,2005:456
,2006:507
,2007:487
,2008:688
,2009:533
,2010:430
,2011:303
,2012:273
,2013:313
,2014:436
Jordan,1950:0
,1952:0
,1953:0
,1954:27
,1955:34
,1956:53
,1958:44
,1959:4
,1960:28
,1961:15
,1962:55
,1963:39
,1964:33
,1965:55
,1966:92
,1967:126
,1968:48
,1969:238
,1970:130
,1971:68
,1972:66
,1973:87
,1974:178
,1975:330
,1976:304
,1977:461
,1978:586
,1979:270
,1980:378
,1981:404
,1982:1086
,1983:793
,1984:485
,1985:299
,1986:250
,1987:143
,1988:247
,1989:58
,1990:14
,1991:24
,1993:1
,1994:5
,1995:19
,1996:76
,1997:77
,1998:247
,1999:64
,2000:133
,2001:160
,2002:121
,2003:281
,2004:158
,2005:36
,2006:49
,2007:175
,2008:160
,2009:234
,2010:87
,2011:214
,2012:173
,2013:117
,2014:166
Katanga,1960:2
,1961:8
Kazakhstan,1995:99
,1996:2
,1997:64
,1999:72
,2000:140
,2001:139
,2002:20
,2004:47
,2005:42
,2006:44
,2007:82
,2008:25
,2009:39
,2010:58
,2011:52
,2012:84
,2013:143
,2014:105
Kenya,1964:6
,1965:15
,1966:19
,1967:2
,1968:2
,1969:3
,1970:0
,1971:20
,1972:9
,1973:3
,1974:28
,1975:25
,1976:13
,1977:58
,1978:205
,1979:56
,1980:124
,1981:150
,1982:92
,1983:20
,1984:12
,1985:6
,1986:26
,1987:178
,1989:23
,1990:42
,1991:14
,1994:30
,1997:61
,2000:15
,2007:10
,2010:112
,2011:14
,2012:60
,2013:1
,2014:29
Khmer Rouge (Cambodia)*,1971:2
,1972:6
,1973:2
,1974:2
,1975:2
,1988:2
,1990:9
Kiribati,1994:6
Kosovo,2014:1
Kuwait,1953:0
,1954:5
,1955:1
,1958:2
,1960:44
,1962:10
,1963:34
,1964:46
,1965:25
,1966:8
,1968:104
,1969:97
,1970:54
,1971:111
,1972:30
,1974:5
,1975:76
,1976:230
,1977:490
,1978:487
,1979:198
,1980:35
,1981:13
,1982:175
,1983:291
,1984:494
,1985:591
,1986:178
,1987:52
,1988:6
,1989:132
,1990:329
,1991:516
,1992:896
,1993:695
,1994:40
,1995:594
,1996:1189
,1997:482
,1998:51
,1999:212
,2000:245
,2001:67
,2002:23
,2003:45
,2004:2
,2005:16
,2007:279
,2008:5
,2009:9
,2010:85
,2011:113
,2012:31
,2013:65
,2014:591
Kyrgyzstan,2003:9
,2004:5
,2005:3
,2006:2
Laos,1954:1
,1955:2
,1956:2
,1957:1
,1958:10
,1959:2
,1960:3
,1961:4
,1962:19
,1963:15
,1964:7
,1965:7
,1966:14
,1967:14
,1968:4
,1969:6
,1970:32
,1971:17
,1972:14
,1973:43
,1974:1
,1975:26
,1976:21
,1977:134
,1978:26
,1980:35
,1981:54
,1982:2
,1983:90
,1984:26
,1985:62
,1987:18
,1988:18
,1990:8
,1997:49
,1998:21
,1999:30
,2000:7
,2001:36
,2003:0
,2005:4
,2008:7
,2009:26
,2011:14
,2012:19
,2013:19
Latvia,1992:0
,1993:8
,1994:12
,1995:14
,1996:0
,1997:0
,1998:0
,1999:4
,2000:3
,2001:13
,2002:3
,2003:26
,2004:12
,2005:4
,2006:11
,2007:49
,2008:44
,2009:12
,2010:15
,2011:27
,2012:9
,2013:5
,2014:5
Lebanon,1950:5
,1952:2
,1953:5
,1954:6
,1955:8
,1957:39
,1958:65
,1959:11
,1961:3
,1962:13
,1963:18
,1965:34
,1966:67
,1967:78
,1968:1
,1971:7
,1972:49
,1973:39
,1974:28
,1975:11
,1976:3
,1977:8
,1978:2
,1979:19
,1980:37
,1981:9
,1982:36
,1983:87
,1984:192
,1985:71
,1992:40
,1993:40
,1994:18
,1995:42
,1996:27
,1997:9
,1998:7
,1999:4
,2000:4
,2005:1
,2007:5
,2008:1
,2009:52
,2010:64
,2011:2
,2012:31
,2013:24
,2014:5
Lebanon Palestinian rebels*,1981:5
,1982:5
,1988:15
Lesotho,1977:1
,1979:5
,1980:3
,1983:1
,1985:0
,1986:10
,1989:8
,1991:4
,1998:5
,2001:6
,2004:1
,2006:1
LF (Lebanon)*,1984:9
,1987:12
,1988:52
,1989:20
,1991:0
,1992:0
Liberia,1959:1
,1964:2
,1967:18
,1971:0
,1972:1
,1976:2
,1978:1
,1986:4
,1987:7
,1989:12
,1990:3
,1999:1
,2000:8
Libya,1957:3
,1959:1
,1960:14
,1961:17
,1962:2
,1963:3
,1964:15
,1965:9
,1966:26
,1967:12
,1968:57
,1969:155
,1970:370
,1971:555
,1972:554
,1973:749
,1974:1761
,1975:1629
,1976:1810
,1977:3062
,1978:4215
,1979:3315
,1980:2969
,1981:3121
,1982:2702
,1983:1393
,1984:748
,1985:753
,1986:410
,1987:184
,1988:9
,1989:218
,1990:4
,1999:9
,2006:14
,2007:15
,2008:16
,2009:26
,2010:24
,2011:8
,2012:73
,2013:121
,2014:10
Lithuania,1992:74
,1993:10
,1995:4
,1996:15
,1998:15
,1999:5
,2000:6
,2001:16
,2002:12
,2003:1
,2004:49
,2005:9
,2006:49
,2007:4
,2008:27
,2009:27
,2010:8
,2011:1
,2012:1
,2013:73
,2014:6
LRA (Uganda)*,2002:0
LTTE (Sri Lanka)*,1994:0
,1995:0
,1998:0
,1999:0
,2000:1
,2002:1
,2005:0
Luxembourg,1952:0
,1953:0
,1974:1
,1982:1
,1996:3
,1999:1
,2003:1
,2009:7
,2010:7
,2012:1
Macedonia (FYROM),1994:27
,1995:1
,1998:12
,1999:81
,2000:14
,2001:112
,2006:0
,2013:1
Madagascar,1961:3
,1963:2
,1964:0
,1965:7
,1967:12
,1968:1
,1969:1
,1971:0
,1972:0
,1974:18
,1975:6
,1979:64
,1980:43
,1981:0
,1983:8
,1985:6
,1996:22
,2009:0
,2013:0
Malawi,1964:5
,1972:0
,1976:2
,1977:6
,1978:7
,1979:8
,1980:14
,1981:14
,1984:1
,1985:6
,1986:10
,1987:1
,1988:2
,1989:3
,1990:11
,1994:2
,2008:3
,2012:1
,2013:2
,2014:2
Malaysia,1958:13
,1959:18
,1960:5
,1961:2
,1962:31
,1963:75
,1964:97
,1965:10
,1966:58
,1967:127
,1968:90
,1969:78
,1970:25
,1971:195
,1972:113
,1973:206
,1974:50
,1975:81
,1976:391
,1977:146
,1978:72
,1979:314
,1980:129
,1981:97
,1982:84
,1983:326
,1984:604
,1985:408
,1986:138
,1987:22
,1988:14
,1989:38
,1991:34
,1992:13
,1993:13
,1994:308
,1995:848
,1996:33
,1997:555
,1998:39
,1999:720
,2000:28
,2001:26
,2002:154
,2003:147
,2004:65
,2005:57
,2006:398
,2007:526
,2008:508
,2009:1512
,2010:421
,2011:5
,2012:47
,2013:71
,2014:73
Maldives,1992:0
,1997:0
,1998:8
,2006:15
,2010:5
,2013:5
Mali,1961:3
,1962:10
,1963:4
,1966:1
,1967:10
,1969:2
,1971:15
,1975:9
,1976:71
,1981:91
,1982:4
,1983:15
,1984:13
,1985:0
,1988:1
,1990:1
,1994:0
,1997:9
,1998:5
,2000:7
,2002:1
,2005:13
,2007:8
,2008:3
,2009:10
,2012:9
,2013:6
,2014:7
Malta,1972:0
,1973:0
,1978:8
,1980:1
,1992:13
,1995:0
,1996:1
,1997:6
,1998:0
,2000:0
,2001:0
,2005:18
,2011:8
,2012:8
,2014:12
Marshall Islands,1988:2
,1991:6
Mauritania,1960:2
,1961:1
,1962:1
,1963:6
,1964:1
,1965:1
,1970:11
,1971:13
,1973:1
,1974:5
,1975:5
,1976:10
,1977:24
,1978:17
,1979:24
,1981:18
,1982:16
,1984:0
,1985:3
,1989:8
,1990:16
,1991:18
,1994:16
,1995:3
,1996:3
,1997:8
,1998:5
,2000:31
,2002:26
,2003:7
,2010:9
,2011:5
,2012:11
,2013:10
,2014:5
Mauritius,1968:0
,1971:0
,1974:2
,1979:3
,1985:1
,1990:6
,1993:8
,1996:29
,1997:1
,2004:6
,2014:41
Mexico,1951:7
,1953:6
,1958:6
,1959:13
,1960:9
,1961:45
,1962:107
,1963:60
,1964:10
,1965:11
,1966:21
,1967:14
,1968:0
,1970:82
,1971:48
,1972:15
,1973:160
,1974:68
,1975:101
,1976:72
,1977:39
,1978:68
,1979:61
,1980:75
,1981:115
,1982:336
,1983:116
,1985:8
,1986:143
,1987:154
,1988:107
,1989:68
,1990:34
,1991:40
,1992:18
,1993:160
,1994:128
,1995:50
,1996:87
,1997:486
,1998:23
,1999:141
,2000:238
,2001:152
,2002:97
,2003:31
,2004:320
,2005:36
,2006:71
,2008:22
,2009:59
,2010:112
,2011:229
,2012:261
,2013:69
,2014:73
Micronesia,1989:2
,1990:14
,1997:6
MNLF (Philippines)*,1972:0
Moldova,1992:8
,1994:3
,1995:9
Mongolia,1952:20
,1954:3
,1955:10
,1956:9
,1957:12
,1958:12
,1960:10
,1961:83
,1962:112
,1963:103
,1964:124
,1965:137
,1966:115
,1967:63
,1968:15
,1969:14
,1970:15
,1971:13
,1972:8
,1973:58
,1974:76
,1975:190
,1976:26
,1977:24
,1978:42
,1979:29
,1980:60
,1981:72
,1982:152
,1983:114
,1984:110
,1985:98
,1986:27
,1987:36
,1988:27
,2008:14
,2010:27
,2011:3
,2012:60
Morocco,1956:28
,1957:12
,1958:10
,1959:13
,1960:24
,1961:37
,1962:88
,1963:14
,1964:18
,1965:81
,1966:151
,1967:165
,1968:105
,1969:38
,1970:77
,1971:1
,1973:23
,1974:200
,1975:206
,1976:216
,1977:408
,1978:419
,1979:727
,1980:461
,1981:791
,1982:523
,1983:393
,1984:59
,1985:38
,1986:31
,1987:32
,1988:109
,1989:125
,1990:135
,1991:62
,1992:17
,1993:100
,1994:117
,1995:30
,1996:94
,1997:225
,1999:60
,2000:125
,2001:11
,2002:156
,2003:12
,2004:14
,2005:101
,2006:47
,2007:27
,2008:46
,2009:39
,2010:306
,2011:1399
,2012:819
,2013:55
,2014:594
Mozambique,1975:29
,1976:33
,1977:147
,1978:491
,1979:111
,1980:53
,1981:60
,1982:64
,1983:59
,1984:94
,1985:73
,1986:1
,2000:0
,2003:1
,2011:0
,2012:0
,2013:9
,2014:12
MPLA (Portugal)*,1972:0
,1973:1
MTA (Myanmar)*,1993:0
,1994:0
Mujahedin (Afghanistan)*,1982:1
,1983:1
,1984:6
,1985:7
,1986:31
,1987:59
,1988:21
,1989:11
Myanmar,1950:4
,1951:0
,1952:0
,1953:16
,1954:39
,1955:47
,1956:30
,1957:53
,1958:60
,1959:21
,1960:13
,1961:16
,1962:14
,1963:51
,1964:18
,1965:19
,1966:3
,1967:13
,1968:6
,1969:22
,1970:4
,1971:22
,1972:4
,1975:53
,1976:10
,1977:9
,1978:25
,1979:19
,1980:41
,1982:39
,1986:8
,1989:34
,1990:266
,1991:232
,1992:65
,1993:323
,1994:97
,1995:223
,1996:118
,1997:231
,1998:156
,1999:141
,2000:16
,2001:149
,2002:157
,2003:83
,2004:194
,2005:160
,2006:166
,2007:135
,2008:79
,2009:42
,2010:63
,2011:697
,2012:531
,2013:278
,2014:72
Namibia,1994:2
,1995:4
,1997:5
,1998:7
,2001:21
,2002:11
,2004:16
,2006:72
,2007:6
,2008:66
,2009:15
,2011:1
,2012:57
,2014:2
NATO**,1957:26
,1958:26
,1959:26
,1960:26
,1961:22
,1962:5
,1967:7
,1968:14
,1969:14
,1970:14
,1982:1250
,1983:1250
,1984:1250
,1985:802
,1988:18
,1989:36
,1999:18
,2001:18
,2006:116
,2009:420
,2012:22
Nepal,1965:2
,1966:0
,1970:8
,1971:8
,1972:3
,1973:1
,1974:2
,1975:15
,1976:6
,1981:1
,1984:3
,1985:3
,1989:1
,1992:1
,1995:1
,2001:11
,2002:9
,2003:9
,2004:34
,2005:6
,2008:1
,2011:3
,2014:18
Netherlands,1950:154
,1951:440
,1952:391
,1953:931
,1954:786
,1955:746
,1956:1171
,1957:695
,1958:452
,1959:146
,1960:294
,1961:306
,1962:368
,1963:841
,1964:809
,1965:684
,1966:180
,1967:731
,1968:266
,1969:542
,1970:672
,1971:672
,1972:644
,1973:21
,1974:40
,1975:91
,1976:261
,1977:579
,1978:706
,1979:784
,1980:628
,1981:763
,1982:1251
,1983:1365
,1984:1203
,1985:901
,1986:787
,1987:632
,1988:381
,1989:707
,1990:279
,1991:314
,1992:239
,1993:135
,1994:203
,1995:71
,1996:205
,1997:126
,1998:271
,1999:284
,2000:125
,2001:178
,2002:244
,2003:125
,2004:127
,2005:102
,2006:320
,2007:240
,2008:157
,2009:288
,2010:193
,2011:149
,2012:376
,2013:332
,2014:13
New Zealand,1950:41
,1951:63
,1952:158
,1953:13
,1955:36
,1956:148
,1957:90
,1958:58
,1960:119
,1961:111
,1962:12
,1963:5
,1965:10
,1966:407
,1967:4
,1968:56
,1970:154
,1971:133
,1972:20
,1973:19
,1974:7
,1975:48
,1976:7
,1977:34
,1981:31
,1982:62
,1983:100
,1984:37
,1985:9
,1986:38
,1987:5
,1988:59
,1989:26
,1990:23
,1991:42
,1992:55
,1993:36
,1994:16
,1995:7
,1996:7
,1997:326
,1998:15
,1999:320
,2001:45
,2002:17
,2003:106
,2004:48
,2005:10
,2006:5
,2007:81
,2008:2
,2009:48
,2010:58
,2011:23
,2012:25
,2013:26
,2014:83
Nicaragua,1953:3
,1954:13
,1955:27
,1956:1
,1957:4
,1958:6
,1960:2
,1961:8
,1962:6
,1963:8
,1964:0
,1965:0
,1966:2
,1971:5
,1972:5
,1973:12
,1976:7
,1977:19
,1978:13
,1981:41
,1982:66
,1983:47
,1984:183
,1985:87
,1986:98
,1987:226
,1988:63
,1989:34
,1990:102
,1991:1
,2007:14
,2009:14
Niger,1960:1
,1961:1
,1964:1
,1965:1
,1969:2
,1970:1
,1971:12
,1978:1
,1979:57
,1980:7
,1982:6
,1983:13
,1984:3
,1986:3
,1991:7
,1997:3
,2003:14
,2008:8
,2009:1
,2010:0
,2013:13
,2014:3
Nigeria,1959:5
,1961:1
,1962:8
,1963:9
,1964:2
,1965:118
,1966:99
,1967:45
,1968:46
,1969:39
,1970:14
,1971:12
,1972:113
,1973:9
,1974:24
,1975:439
,1976:104
,1977:68
,1978:136
,1979:87
,1980:491
,1981:287
,1982:632
,1983:50
,1984:360
,1985:582
,1986:222
,1987:115
,1988:62
,1989:15
,1990:18
,1991:3
,1992:59
,1993:41
,1994:95
,1995:2
,1996:15
,1997:1
,2000:36
,2001:7
,2002:6
,2003:62
,2004:6
,2006:15
,2007:52
,2008:19
,2009:65
,2010:186
,2011:65
,2012:4
,2013:35
,2014:204
NLA (Macedonia)*,2001:0
Northern Alliance (Afghanistan)*,1999:2
,2000:19
,2001:207
Northern Cyprus,1998:1
North Korea,1950:849
,1951:364
,1952:194
,1953:657
,1954:225
,1955:367
,1956:442
,1957:391
,1958:881
,1959:639
,1960:485
,1961:86
,1962:198
,1963:214
,1964:186
,1965:135
,1966:854
,1967:853
,1968:1298
,1969:604
,1970:622
,1971:1566
,1972:561
,1973:639
,1974:921
,1975:635
,1976:502
,1977:312
,1978:369
,1979:232
,1980:416
,1981:263
,1982:559
,1983:512
,1984:283
,1985:1080
,1986:1137
,1987:889
,1988:854
,1989:595
,1990:295
,1991:198
,1992:137
,1993:93
,1994:35
,1995:155
,1996:90
,1997:9
,1998:9
,1999:179
,2000:18
,2001:28
,2002:9
,2003:8
,2004:8
,2005:5
,2006:15
,2007:5
,2008:5
,2009:4
,2010:1
North Yemen,1950:0
,1952:4
,1955:1
,1957:60
,1958:25
,1959:8
,1961:23
,1963:1
,1967:39
,1968:43
,1969:14
,1974:9
,1975:9
,1976:1
,1977:13
,1978:14
,1979:704
,1980:667
,1981:144
,1982:45
,1983:9
,1984:98
,1985:101
,1988:80
Norway,1950:171
,1951:69
,1952:426
,1953:419
,1954:19
,1955:168
,1956:282
,1957:142
,1958:144
,1959:104
,1960:143
,1961:100
,1962:86
,1963:227
,1964:240
,1965:346
,1966:749
,1967:679
,1968:283
,1969:518
,1970:145
,1971:86
,1972:68
,1973:74
,1974:55
,1975:49
,1976:35
,1977:22
,1978:14
,1979:39
,1980:251
,1981:436
,1982:460
,1983:444
,1984:340
,1985:127
,1986:144
,1987:203
,1988:297
,1989:669
,1990:380
,1991:340
,1992:272
,1993:191
,1994:104
,1995:75
,1996:169
,1997:140
,1998:148
,1999:156
,2000:234
,2001:104
,2002:91
,2003:14
,2004:6
,2005:14
,2006:542
,2007:567
,2008:624
,2009:588
,2010:159
,2011:611
,2012:167
,2013:80
,2014:18
NTC (Libya)*,2011:0
Oman,1959:1
,1960:1
,1963:1
,1964:1
,1965:1
,1966:2
,1967:7
,1968:5
,1969:36
,1970:26
,1971:60
,1972:11
,1973:71
,1974:67
,1975:181
,1976:150
,1977:250
,1978:82
,1979:43
,1980:12
,1981:72
,1982:182
,1983:356
,1984:120
,1985:86
,1986:49
,1987:35
,1988:14
,1989:115
,1990:50
,1993:55
,1994:145
,1995:280
,1996:292
,1997:163
,1998:22
,2000:118
,2001:33
,2002:40
,2003:36
,2004:41
,2005:173
,2006:301
,2007:16
,2008:75
,2009:93
,2010:30
,2011:21
,2012:120
,2013:490
,2014:738
PAIGC (Portugal)*,1972:0
,1973:1
Pakistan,1950:194
,1951:169
,1952:145
,1953:95
,1954:145
,1955:195
,1956:290
,1957:388
,1958:353
,1959:323
,1960:42
,1961:68
,1962:88
,1963:198
,1964:85
,1965:214
,1966:593
,1967:153
,1968:418
,1969:540
,1970:405
,1971:565
,1972:675
,1973:162
,1974:214
,1975:246
,1976:291
,1977:253
,1978:646
,1979:710
,1980:854
,1981:485
,1982:536
,1983:776
,1984:860
,1985:755
,1986:286
,1987:622
,1988:412
,1989:966
,1990:635
,1991:496
,1992:380
,1993:1001
,1994:887
,1995:367
,1996:510
,1997:696
,1998:705
,1999:879
,2000:176
,2001:409
,2002:542
,2003:629
,2004:456
,2005:422
,2006:339
,2007:673
,2008:1055
,2009:1227
,2010:2226
,2011:1069
,2012:973
,2013:1175
,2014:659
Palau,1990:2
,1996:6
Palestine,1994:5
,1995:1
,1996:9
,2007:2
,2009:14
,2010:6
Panama,1964:0
,1968:0
,1969:3
,1970:4
,1971:18
,1972:2
,1973:16
,1975:26
,1976:6
,1977:5
,1978:6
,1980:2
,1981:4
,1982:13
,1983:8
,1984:0
,1985:7
,1988:23
,1989:2
,1992:2
,1996:0
,1997:12
,2002:1
,2009:7
,2012:65
,2013:75
Papua New Guinea,1975:32
,1977:3
,1978:2
,1981:2
,1982:5
,1984:3
,1986:11
,1987:12
,1988:6
,1989:6
,1990:4
,1991:10
,1992:10
,1994:1
,1996:0
,1997:7
Paraguay,1950:5
,1952:1
,1953:1
,1955:0
,1960:10
,1962:11
,1963:0
,1964:8
,1965:1
,1966:1
,1967:5
,1968:9
,1970:0
,1971:1
,1972:12
,1973:0
,1975:20
,1976:3
,1978:10
,1979:1
,1980:18
,1981:5
,1982:3
,1983:1
,1984:3
,1985:34
,1986:4
,1988:14
,1990:6
,1991:3
,1992:1
,1996:2
,2001:6
,2004:4
,2005:1
,2010:3
,2011:8
,2012:7
,2013:0
Pathet Lao (Laos)*,1960:11
,1961:11
,1962:15
Peru,1950:2
,1951:24
,1952:76
,1954:101
,1955:26
,1956:171
,1957:117
,1958:30
,1959:168
,1960:187
,1961:96
,1962:14
,1963:18
,1964:18
,1965:58
,1966:60
,1967:28
,1968:197
,1969:89
,1970:35
,1971:155
,1972:158
,1973:464
,1974:680
,1975:658
,1976:378
,1977:939
,1978:667
,1979:641
,1980:710
,1981:870
,1982:278
,1983:322
,1984:364
,1985:333
,1986:248
,1987:601
,1988:230
,1989:16
,1990:96
,1991:96
,1992:130
,1993:47
,1994:175
,1995:46
,1996:130
,1997:328
,1998:52
,1999:97
,2000:24
,2001:5
,2002:16
,2003:22
,2004:47
,2005:368
,2006:193
,2007:172
,2009:43
,2010:46
,2011:63
,2012:9
,2013:45
,2014:147
Philippines,1951:2
,1952:1
,1953:32
,1954:2
,1955:36
,1956:42
,1957:45
,1958:30
,1959:64
,1960:51
,1961:45
,1962:11
,1963:4
,1964:2
,1965:97
,1966:87
,1967:41
,1968:18
,1969:26
,1970:9
,1971:90
,1972:52
,1973:116
,1974:51
,1975:134
,1976:249
,1977:174
,1978:148
,1979:92
,1980:74
,1981:44
,1982:30
,1983:130
,1984:53
,1985:36
,1987:26
,1988:12
,1989:19
,1990:33
,1991:34
,1992:43
,1993:61
,1994:71
,1995:27
,1996:40
,1997:70
,1998:64
,2001:10
,2002:5
,2003:10
,2004:34
,2005:14
,2006:23
,2007:16
,2008:10
,2009:1
,2010:3
,2011:63
,2012:16
,2013:75
,2014:57
PIJ (Israel/Palestine)*,2012:0
PKK (Turkey)*,1994:0
,1997:0
PLO (Israel)*,1976:0
,1977:0
,1979:0
,1980:4
,1981:12
,1982:14
,1986:0
Poland,1950:85
,1951:458
,1952:782
,1953:1009
,1954:1987
,1955:1098
,1956:686
,1957:1089
,1958:1058
,1959:993
,1960:852
,1961:848
,1962:687
,1963:1000
,1964:1566
,1965:1154
,1966:984
,1967:746
,1968:866
,1969:940
,1970:938
,1971:938
,1972:960
,1973:1153
,1974:1083
,1975:974
,1976:794
,1977:940
,1978:1117
,1979:1041
,1980:1001
,1981:811
,1982:724
,1983:528
,1984:462
,1985:919
,1986:1372
,1987:1014
,1988:890
,1989:493
,1990:270
,1991:162
,1992:52
,1993:8
,1994:32
,1995:203
,1996:107
,1997:1
,1998:3
,1999:25
,2000:148
,2001:36
,2002:255
,2003:349
,2004:225
,2005:112
,2006:475
,2007:1015
,2008:594
,2009:169
,2010:158
,2011:92
,2012:207
,2013:155
,2014:265
Portugal,1950:18
,1951:18
,1952:116
,1953:285
,1954:269
,1955:166
,1956:74
,1957:163
,1958:101
,1959:48
,1960:31
,1961:150
,1962:28
,1963:41
,1964:45
,1965:63
,1966:236
,1967:288
,1968:378
,1969:339
,1970:371
,1971:177
,1972:17
,1973:17
,1974:117
,1975:326
,1976:64
,1977:94
,1978:128
,1979:5
,1980:36
,1981:50
,1982:190
,1983:4
,1984:109
,1985:155
,1986:5
,1987:9
,1988:89
,1989:138
,1990:77
,1991:1015
,1992:19
,1993:379
,1994:441
,1995:20
,1996:7
,1997:0
,1998:16
,1999:3
,2000:2
,2001:19
,2003:29
,2004:70
,2005:157
,2006:220
,2007:60
,2008:144
,2009:371
,2010:892
,2011:168
,2012:54
,2013:27
,2014:4
PRC (Israel/Palestine)*,2014:0
Provisional IRA (UK)*,1986:0
,1987:1
Qatar,1968:2
,1969:3
,1970:6
,1971:16
,1975:38
,1976:26
,1977:55
,1978:16
,1979:14
,1980:58
,1981:49
,1982:127
,1983:465
,1984:329
,1985:7
,1986:2
,1987:57
,1988:91
,1989:10
,1990:5
,1991:17
,1992:65
,1993:11
,1994:10
,1995:11
,1996:201
,1997:242
,1998:300
,1999:72
,2000:14
,2001:11
,2002:11
,2003:11
,2007:27
,2009:286
,2010:30
,2011:198
,2012:319
,2013:73
,2014:55
Regional Security System**,1999:15
Romania,1950:6
,1951:81
,1952:435
,1953:899
,1954:624
,1955:362
,1956:448
,1957:192
,1958:116
,1959:107
,1960:187
,1961:40
,1962:194
,1963:227
,1964:418
,1965:517
,1966:403
,1967:447
,1968:605
,1969:411
,1970:573
,1971:487
,1972:513
,1973:551
,1974:695
,1975:658
,1976:295
,1977:349
,1978:298
,1979:645
,1980:528
,1981:478
,1982:448
,1983:284
,1984:241
,1985:331
,1986:445
,1987:210
,1988:193
,1989:276
,1990:606
,1991:63
,1992:184
,1993:14
,1994:29
,1995:2
,1996:39
,1997:61
,1998:174
,1999:143
,2000:21
,2001:19
,2002:16
,2003:17
,2004:285
,2005:459
,2006:61
,2007:94
,2008:74
,2009:56
,2010:105
,2011:80
,2012:21
,2013:20
,2014:3
RPF (Rwanda)*,1987:0
RUF (Sierra Leone)*,1999:0
Russia,1992:40
,2006:4
,2007:100
,2009:8
,2010:22
,2011:11
,2012:98
,2013:148
,2014:201
Rwanda,1962:5
,1963:0
,1964:0
,1965:0
,1970:2
,1973:4
,1974:1
,1975:3
,1977:1
,1983:3
,1984:3
,1985:3
,1986:2
,1988:2
,1992:2
,1996:1
,1997:2
,1998:9
,1999:20
,2000:14
,2006:2
,2007:15
,2008:8
,2009:13
,2012:5
,2013:11
,2014:14
Saint Kitts and Nevis,1985:6
Saint Vincent,1987:4
Samoa,1988:6
Saudi Arabia,1950:0
,1952:7
,1953:1
,1954:2
,1955:16
,1956:10
,1957:56
,1958:37
,1959:8
,1960:17
,1961:12
,1962:22
,1964:5
,1965:48
,1966:235
,1967:175
,1968:479
,1969:394
,1970:54
,1971:10
,1972:101
,1973:182
,1974:368
,1975:467
,1976:591
,1977:927
,1978:1001
,1979:759
,1980:1094
,1981:1808
,1982:2212
,1983:1816
,1984:832
,1985:1329
,1986:2859
,1987:2061
,1988:833
,1989:1415
,1990:2113
,1991:1049
,1992:1124
,1993:2374
,1994:983
,1995:984
,1996:1729
,1997:2812
,1998:2900
,1999:1580
,2000:85
,2001:61
,2002:567
,2003:167
,2004:1170
,2005:158
,2006:195
,2007:195
,2008:363
,2009:756
,2010:1020
,2011:1215
,2012:899
,2013:1192
,2014:2629
Senegal,1960:0
,1961:8
,1963:0
,1964:4
,1965:0
,1966:1
,1968:1
,1969:19
,1971:12
,1973:1
,1974:17
,1976:14
,1977:41
,1978:20
,1979:29
,1982:7
,1983:38
,1984:3
,1986:14
,1987:18
,1994:1
,1995:6
,2005:15
,2006:9
,2007:18
,2008:6
,2009:4
,2010:4
,2011:20
,2013:6
,2014:17
Serbia,1992:4
,1993:2
,1994:2
,1995:8
,1996:1
,1997:13
,1998:6
,1999:1
,2000:1
,2001:27
,2010:16
,2012:0
Seychelles,1977:1
,1979:19
,1980:6
,1981:1
,1982:2
,1983:15
,1986:10
,1988:1
,1990:0
,2005:15
,2011:8
,2013:7
,2014:16
Sierra Leone,1973:28
,1976:1
,1978:2
,1980:42
,1983:1
,1984:3
,1987:18
,1992:1
,1994:6
,1995:14
,1997:16
,1999:12
,2006:9
,2011:2
,2012:0
,2013:1
Singapore,1956:6
,1965:1
,1966:8
,1968:6
,1969:139
,1970:92
,1971:165
,1972:177
,1973:99
,1974:290
,1975:247
,1976:247
,1977:168
,1978:50
,1979:327
,1980:407
,1981:169
,1982:176
,1983:243
,1984:79
,1985:120
,1986:75
,1987:275
,1988:546
,1989:235
,1990:531
,1991:375
,1992:112
,1993:170
,1994:182
,1995:306
,1996:171
,1997:625
,1998:815
,1999:318
,2000:798
,2001:249
,2002:232
,2003:85
,2004:375
,2005:536
,2006:65
,2007:375
,2008:1174
,2009:1522
,2010:1020
,2011:936
,2012:828
,2013:771
,2014:717
SLA (Lebanon)*,1984:5
,1985:7
,1986:10
,1987:17
,1988:1
,1996:5
Slovakia,1993:146
,1994:29
,1995:208
,1996:29
,2000:0
,2002:27
,2005:4
,2007:0
,2009:9
,2010:9
,2013:6
Slovenia,1991:2
,1992:10
,1993:26
,1994:11
,1995:22
,1996:20
,1997:8
,1998:4
,1999:18
,2000:2
,2001:41
,2002:2
,2003:17
,2004:17
,2005:3
,2006:3
,2007:2
,2009:6
,2010:40
,2011:28
SNA (Somalia)*,1998:2
Solomon Islands,1988:6
,1991:6
Somalia,1960:10
,1961:2
,1962:0
,1963:11
,1965:30
,1966:51
,1967:71
,1968:5
,1971:0
,1972:21
,1973:198
,1974:323
,1975:90
,1976:180
,1977:44
,1978:57
,1979:48
,1980:120
,1981:97
,1982:61
,1983:23
,1984:12
,1985:42
,1986:15
,1990:16
,1999:1
,2013:3
South Africa,1950:37
,1951:73
,1952:183
,1953:53
,1954:49
,1955:106
,1956:265
,1957:173
,1958:169
,1959:68
,1960:13
,1962:215
,1963:476
,1964:266
,1965:353
,1966:468
,1967:260
,1968:179
,1969:178
,1970:464
,1971:252
,1972:227
,1973:316
,1974:171
,1975:223
,1976:415
,1977:507
,1978:390
,1979:130
,1980:200
,1981:122
,1982:49
,1983:225
,1984:126
,1985:29
,1986:211
,1987:16
,1988:7
,1989:13
,1990:13
,1991:27
,1992:363
,1993:244
,1994:239
,1995:38
,1996:38
,1997:11
,1999:21
,2000:6
,2001:18
,2005:262
,2006:708
,2007:881
,2008:486
,2009:128
,2010:180
,2011:212
,2012:132
,2013:2
Southern rebels (Yemen)*,1994:80
South Korea,1950:162
,1951:256
,1952:266
,1953:263
,1954:158
,1955:346
,1956:412
,1957:236
,1958:212
,1959:284
,1960:255
,1961:254
,1962:131
,1963:204
,1964:270
,1965:623
,1966:569
,1967:125
,1968:345
,1969:292
,1970:76
,1971:240
,1972:373
,1973:252
,1974:431
,1975:634
,1976:541
,1977:1187
,1978:366
,1979:1334
,1980:911
,1981:884
,1982:672
,1983:485
,1984:513
,1985:755
,1986:860
,1987:763
,1988:1212
,1989:1842
,1990:1217
,1991:910
,1992:801
,1993:1021
,1994:1021
,1995:1962
,1996:1976
,1997:1226
,1998:1431
,1999:1648
,2000:1398
,2001:773
,2002:532
,2003:754
,2004:1064
,2005:801
,2006:1644
,2007:1749
,2008:1679
,2009:799
,2010:1274
,2011:1570
,2012:1066
,2013:179
,2014:530
South Sudan,2007:37
,2008:44
,2009:1
,2011:61
,2012:3
,2013:5
,2014:15
South Vietnam,1953:0
,1954:47
,1955:62
,1956:115
,1957:12
,1958:16
,1959:20
,1960:42
,1961:111
,1962:165
,1963:131
,1964:80
,1965:126
,1966:165
,1967:236
,1968:253
,1969:553
,1970:657
,1971:952
,1972:2535
,1973:604
,1974:308
South Yemen,1967:35
,1968:7
,1969:58
,1970:17
,1971:49
,1972:112
,1973:82
,1974:68
,1975:12
,1977:8
,1978:55
,1979:1131
,1980:1109
,1981:376
,1982:41
,1983:99
,1984:71
,1985:52
,1986:215
,1987:89
,1988:12
,1989:45
Soviet Union,1950:33
,1953:8
,1954:48
,1955:948
,1956:1540
,1957:1500
,1958:1500
,1959:900
,1960:677
,1961:175
,1962:174
,1963:237
,1964:463
,1965:485
,1966:607
,1967:576
,1968:543
,1969:578
,1970:493
,1971:525
,1972:795
,1973:583
,1974:952
,1975:766
,1976:794
,1977:868
,1978:798
,1979:833
,1980:760
,1981:796
,1982:670
,1983:717
,1984:900
,1985:988
,1986:1374
,1987:1527
,1988:1603
,1989:1192
,1990:684
,1991:131
Spain,1950:1
,1953:78
,1954:89
,1955:218
,1956:269
,1957:288
,1958:136
,1959:295
,1960:231
,1961:112
,1962:55
,1963:14
,1964:60
,1965:402
,1966:277
,1967:275
,1968:128
,1969:190
,1970:237
,1971:601
,1972:752
,1973:886
,1974:580
,1975:1165
,1976:831
,1977:280
,1978:494
,1979:658
,1980:692
,1981:631
,1982:517
,1983:609
,1984:88
,1985:338
,1986:1111
,1987:1109
,1988:1959
,1989:866
,1990:709
,1991:112
,1992:212
,1993:303
,1994:855
,1995:363
,1996:429
,1997:228
,1998:99
,1999:386
,2000:334
,2001:168
,2002:282
,2003:233
,2004:315
,2005:363
,2006:311
,2007:334
,2008:355
,2009:248
,2010:290
,2011:182
,2012:240
,2013:152
,2014:124
SPLA (Sudan)*,1987:1
,1988:1
Sri Lanka,1950:0
,1952:0
,1953:17
,1955:8
,1956:1
,1957:2
,1958:19
,1959:31
,1960:4
,1964:0
,1969:2
,1971:33
,1972:47
,1976:0
,1977:17
,1978:7
,1980:18
,1984:53
,1985:42
,1986:28
,1987:111
,1988:19
,1989:6
,1990:19
,1991:167
,1992:22
,1993:35
,1994:74
,1995:64
,1996:207
,1997:50
,1998:87
,1999:85
,2000:297
,2001:160
,2002:45
,2003:36
,2004:50
,2005:58
,2006:97
,2007:89
,2008:71
,2010:5
,2011:21
,2014:5
Sudan,1957:2
,1958:4
,1959:4
,1960:9
,1961:15
,1962:19
,1963:8
,1964:36
,1965:5
,1966:5
,1967:2
,1968:16
,1969:193
,1970:611
,1971:87
,1972:69
,1973:23
,1974:3
,1977:26
,1978:204
,1979:12
,1980:12
,1981:204
,1982:131
,1983:25
,1984:105
,1985:65
,1986:9
,1987:122
,1988:74
,1989:16
,1990:3
,1991:81
,1992:6
,1995:3
,1996:27
,1997:63
,1999:36
,2001:106
,2002:49
,2003:204
,2004:293
,2005:132
,2006:65
,2007:33
,2008:128
,2009:89
,2010:182
,2011:173
,2012:115
,2013:196
,2014:124
Suriname,1975:0
,1976:5
,1977:10
,1981:0
,1982:2
,1984:7
,1986:5
,1987:2
,1999:23
,2013:9
Swaziland,1979:7
,2000:1
,2001:1
Sweden,1950:225
,1951:299
,1952:317
,1953:390
,1954:454
,1955:559
,1956:574
,1957:230
,1958:246
,1959:199
,1960:120
,1961:57
,1962:130
,1963:308
,1964:410
,1965:286
,1966:280
,1967:326
,1968:226
,1969:138
,1970:108
,1971:86
,1972:156
,1973:215
,1974:243
,1975:292
,1976:214
,1977:100
,1978:197
,1979:247
,1980:246
,1981:461
,1982:171
,1983:176
,1984:104
,1985:95
,1986:155
,1987:161
,1988:125
,1989:103
,1990:90
,1991:49
,1992:60
,1993:39
,1994:297
,1995:95
,1996:95
,1997:195
,1998:294
,1999:224
,2000:204
,2001:165
,2002:75
,2003:64
,2004:47
,2005:78
,2006:122
,2007:41
,2008:44
,2009:54
,2010:51
,2011:191
,2012:206
,2013:52
,2014:51
Switzerland,1950:154
,1951:151
,1952:312
,1953:159
,1954:132
,1955:220
,1956:303
,1957:213
,1958:222
,1959:289
,1960:219
,1961:37
,1962:4
,1963:50
,1964:261
,1965:226
,1966:362
,1967:165
,1968:188
,1969:157
,1970:135
,1971:149
,1972:186
,1973:116
,1974:64
,1975:138
,1976:143
,1977:5
,1978:204
,1979:212
,1980:259
,1981:283
,1982:171
,1983:431
,1984:392
,1985:332
,1986:108
,1987:153
,1988:185
,1989:322
,1990:455
,1991:480
,1992:388
,1993:104
,1994:119
,1995:93
,1996:187
,1997:379
,1998:436
,1999:507
,2000:23
,2001:68
,2002:63
,2003:117
,2004:203
,2005:168
,2006:83
,2007:108
,2008:18
,2009:39
,2010:47
,2011:31
,2012:9
,2013:4
Syria,1950:80
,1951:2
,1952:20
,1953:18
,1954:61
,1955:75
,1956:106
,1957:374
,1958:125
,1959:39
,1960:37
,1961:11
,1962:16
,1963:71
,1964:47
,1965:74
,1966:504
,1967:885
,1968:804
,1969:852
,1970:880
,1971:734
,1972:1497
,1973:3181
,1974:3434
,1975:1377
,1976:462
,1977:900
,1978:824
,1979:2059
,1980:1956
,1981:1348
,1982:1992
,1983:2368
,1984:1879
,1985:1622
,1986:1023
,1987:1357
,1988:1255
,1989:623
,1990:734
,1991:316
,1992:243
,1993:173
,1994:19
,1995:35
,1996:35
,1997:35
,1998:55
,1999:58
,2000:64
,2001:28
,2002:45
,2003:69
,2004:25
,2005:35
,2006:100
,2007:20
,2008:276
,2009:193
,2010:298
,2011:368
,2012:371
,2013:361
,2014:10
Syria rebels*,2012:1
,2013:1
,2014:0
Taiwan (ROC),1951:98
,1952:304
,1953:383
,1954:348
,1955:624
,1956:256
,1957:444
,1958:729
,1959:969
,1960:428
,1961:107
,1962:137
,1963:320
,1964:362
,1965:460
,1966:321
,1967:473
,1968:293
,1969:581
,1970:582
,1971:288
,1972:240
,1973:329
,1974:421
,1975:332
,1976:465
,1977:844
,1978:774
,1979:530
,1980:500
,1981:774
,1982:794
,1983:714
,1984:424
,1985:637
,1986:1005
,1987:642
,1988:649
,1989:281
,1990:392
,1991:661
,1992:473
,1993:1148
,1994:848
,1995:1313
,1996:1465
,1997:4787
,1998:3937
,1999:1720
,2000:585
,2001:345
,2002:299
,2003:117
,2004:320
,2005:696
,2006:508
,2007:12
,2008:11
,2009:60
,2010:97
,2011:198
,2012:425
,2013:582
,2014:1039
Tajikistan,1994:27
,2006:13
,2007:7
,2009:32
,2013:3
Tanzania,1964:4
,1965:4
,1966:21
,1967:1
,1970:11
,1971:60
,1972:47
,1973:118
,1974:189
,1975:48
,1977:44
,1978:63
,1979:260
,1980:53
,1981:121
,1982:9
,1986:1
,1989:5
,1992:18
,1994:5
,1996:4
,2003:51
,2005:10
,2006:12
,2007:1
,2009:25
,2011:78
,2012:115
,2013:85
,2014:26
Thailand,1950:74
,1951:91
,1952:63
,1953:44
,1954:60
,1955:34
,1956:10
,1957:90
,1958:15
,1959:10
,1960:28
,1961:57
,1962:111
,1963:111
,1964:97
,1965:89
,1966:112
,1967:151
,1968:64
,1969:134
,1970:213
,1971:239
,1972:201
,1973:340
,1974:97
,1975:77
,1976:148
,1977:104
,1978:309
,1979:179
,1980:306
,1981:305
,1982:83
,1983:325
,1984:391
,1985:194
,1986:163
,1987:558
,1988:643
,1989:269
,1990:229
,1991:572
,1992:501
,1993:184
,1994:612
,1995:528
,1996:717
,1997:942
,1998:58
,1999:167
,2000:88
,2001:127
,2002:152
,2003:133
,2004:114
,2005:70
,2006:47
,2007:8
,2008:13
,2009:64
,2010:49
,2011:270
,2012:290
,2013:388
,2014:191
Timor-Leste,2010:18
Togo,1960:1
,1964:0
,1965:0
,1968:1
,1969:1
,1970:2
,1971:1
,1973:2
,1975:14
,1976:50
,1977:1
,1978:9
,1979:5
,1980:31
,1981:21
,1982:3
,1983:2
,1986:17
,1987:0
,1988:1
,1991:10
,1992:8
,1994:3
,1995:3
,1997:9
,2010:1
,2012:4
,2014:16
Tonga,1986:0
,1989:6
,1990:6
,1991:6
,1996:0
Trinidad and Tobago,1965:11
,1966:0
,1972:11
,1973:2
,1980:22
,1981:6
,1987:0
,2000:12
,2001:1
,2002:2
,2007:6
,2010:24
,2011:12
,2012:12
Tunisia,1957:11
,1959:13
,1960:44
,1961:6
,1963:7
,1964:4
,1965:40
,1967:5
,1968:17
,1969:24
,1970:44
,1971:0
,1972:4
,1973:26
,1974:14
,1975:15
,1976:10
,1977:93
,1978:14
,1979:122
,1980:106
,1981:59
,1982:59
,1983:103
,1984:114
,1985:324
,1987:56
,1988:17
,1989:47
,1990:4
,1991:20
,1992:32
,1994:35
,1995:46
,1996:56
,1997:37
,1998:18
,1999:11
,2002:83
,2003:1
,2005:168
,2006:2
,2008:3
,2010:7
,2011:7
,2013:38
,2014:42
Turkey,1950:104
,1951:124
,1952:321
,1953:514
,1954:473
,1955:335
,1956:198
,1957:605
,1958:691
,1959:812
,1960:592
,1961:302
,1962:290
,1963:616
,1964:866
,1965:443
,1966:330
,1967:588
,1968:420
,1969:639
,1970:391
,1971:937
,1972:1096
,1973:789
,1974:773
,1975:1074
,1976:431
,1977:330
,1978:975
,1979:920
,1980:483
,1981:727
,1982:478
,1983:466
,1984:560
,1985:690
,1986:477
,1987:1422
,1988:1610
,1989:1007
,1990:1247
,1991:1216
,1992:1844
,1993:2309
,1994:1870
,1995:1596
,1996:1518
,1997:1531
,1998:2648
,1999:1735
,2000:1186
,2001:506
,2002:898
,2003:323
,2004:243
,2005:1092
,2006:511
,2007:666
,2008:675
,2009:733
,2010:469
,2011:733
,2012:1489
,2013:670
,2014:1550
Turkmenistan,2003:18
,2004:21
,2008:7
,2009:36
,2010:14
,2011:209
,2012:86
,2013:69
,2014:99
Tuvalu,1994:6
UAE,1968:13
,1969:13
,1970:69
,1971:24
,1972:26
,1973:93
,1974:106
,1975:144
,1976:270
,1977:294
,1978:207
,1979:18
,1980:206
,1981:430
,1982:159
,1983:168
,1984:316
,1985:132
,1986:138
,1987:201
,1988:46
,1989:608
,1990:559
,1991:235
,1992:201
,1993:579
,1994:566
,1995:427
,1996:480
,1997:688
,1998:758
,1999:437
,2000:247
,2001:186
,2002:222
,2003:685
,2004:1210
,2005:2170
,2006:2021
,2007:919
,2008:751
,2009:560
,2010:605
,2011:1210
,2012:1088
,2013:2252
,2014:1031
Uganda,1964:3
,1965:2
,1966:15
,1967:4
,1968:24
,1969:12
,1970:7
,1971:3
,1972:17
,1973:17
,1974:46
,1975:125
,1976:35
,1977:5
,1982:14
,1985:10
,1987:31
,1988:1
,1989:20
,1995:32
,1998:55
,1999:39
,2000:6
,2002:33
,2004:36
,2005:10
,2006:5
,2008:5
,2009:23
,2010:37
,2011:471
,2012:219
,2013:20
UIC (Somalia)*,2006:0
Ukraine Rebels*,2014:23
UNITA (Angola)*,1986:13
,1987:14
,1989:1
United Kingdom,1950:105
,1951:246
,1952:532
,1953:1591
,1954:512
,1955:315
,1956:126
,1957:85
,1958:545
,1959:548
,1960:29
,1961:34
,1962:38
,1963:139
,1964:118
,1965:152
,1966:208
,1967:1418
,1968:2288
,1969:2570
,1970:60
,1971:171
,1972:227
,1973:233
,1974:292
,1975:309
,1976:232
,1977:232
,1978:186
,1979:241
,1980:561
,1981:811
,1982:790
,1983:301
,1984:635
,1985:331
,1986:260
,1987:186
,1988:261
,1989:205
,1990:117
,1991:935
,1992:1137
,1993:814
,1994:414
,1995:492
,1996:568
,1997:508
,1998:749
,1999:125
,2000:873
,2001:1282
,2002:725
,2003:770
,2004:214
,2005:27
,2006:308
,2007:777
,2008:513
,2009:387
,2010:503
,2011:379
,2012:599
,2013:519
,2014:251
United Nations**,1960:14
,1961:0
,1991:4
,1993:12
,1994:55
,1995:11
,1998:1
,1999:6
,2000:35
,2004:2
,2005:1
,2006:2
,2007:1
,2008:0
,2013:3
,2014:16
United States,1950:352
,1951:702
,1952:882
,1953:1322
,1954:2467
,1955:1892
,1956:2069
,1957:1369
,1958:699
,1959:643
,1960:219
,1961:238
,1962:264
,1963:358
,1964:366
,1965:230
,1966:144
,1967:84
,1968:70
,1969:70
,1970:46
,1971:539
,1972:681
,1973:666
,1974:594
,1975:345
,1976:449
,1977:337
,1978:321
,1979:203
,1980:326
,1981:451
,1982:198
,1983:413
,1984:361
,1985:662
,1986:423
,1987:1990
,1988:1788
,1989:1778
,1990:358
,1991:522
,1992:558
,1993:1008
,1994:998
,1995:805
,1996:595
,1997:600
,1998:280
,1999:234
,2000:345
,2001:502
,2002:505
,2003:591
,2004:558
,2005:521
,2006:641
,2007:821
,2008:948
,2009:973
,2010:1113
,2011:1014
,2012:1217
,2013:812
,2014:581
United Wa State (Myanmar)*,2001:1
Unknown country,1959:20
,1960:20
,1961:28
,1962:48
,1963:77
,1964:86
,1965:86
,1966:68
,1967:68
,1968:68
,1969:68
,1970:28
,1971:20
,1972:20
,1973:10
,1974:10
,1980:30
,1981:85
,1982:85
,1983:86
,1984:86
,1985:86
,1986:86
,1987:86
,1988:86
,1989:41
,1991:12
,1992:12
,1993:19
,1994:4
,1995:8
,1996:3
,1998:4
,2001:2
,2003:0
,2008:12
,2010:8
,2011:6
,2013:32
,2014:12
Unknown rebel group*,2001:0
,2002:0
Uruguay,1950:68
,1951:3
,1952:47
,1953:3
,1954:0
,1955:2
,1956:30
,1957:17
,1958:3
,1959:0
,1960:17
,1961:1
,1962:100
,1963:0
,1964:2
,1965:8
,1966:6
,1968:10
,1969:8
,1970:11
,1971:16
,1972:24
,1973:6
,1974:5
,1975:3
,1976:53
,1977:2
,1978:8
,1979:9
,1980:21
,1981:100
,1982:15
,1983:17
,1985:8
,1988:16
,1989:41
,1990:41
,1991:70
,1992:19
,1993:18
,1994:10
,1995:9
,1996:4
,1997:19
,1998:19
,1999:9
,2000:4
,2002:11
,2005:20
,2006:8
,2007:3
,2008:78
,2009:29
,2010:26
,2013:7
,2014:9
Uzbekistan,2001:8
,2002:9
Vanuatu,1987:6
Venezuela,1950:61
,1952:20
,1953:210
,1954:195
,1955:30
,1956:409
,1957:285
,1958:122
,1959:9
,1960:50
,1962:26
,1963:31
,1964:9
,1966:40
,1967:236
,1968:20
,1969:7
,1970:11
,1971:130
,1972:169
,1973:399
,1974:254
,1975:217
,1976:176
,1977:221
,1978:59
,1979:20
,1980:352
,1981:892
,1982:681
,1983:242
,1984:241
,1985:517
,1986:116
,1987:46
,1988:101
,1989:118
,1990:172
,1991:310
,1992:65
,1993:39
,1994:1
,1995:5
,1996:35
,1997:37
,1998:19
,1999:85
,2000:110
,2001:105
,2002:50
,2003:15
,2004:9
,2005:20
,2006:380
,2007:785
,2008:743
,2009:358
,2010:208
,2011:594
,2012:680
,2013:1165
,2014:207
Viet Cong (South Vietnam)*,1971:10
,1972:10
,1973:10
,1974:10
Viet Minh (France)*,1954:3
Viet Nam,1954:10
,1955:32
,1956:22
,1957:72
,1958:43
,1959:19
,1960:64
,1961:101
,1962:42
,1963:97
,1964:259
,1965:563
,1966:993
,1967:1039
,1968:1140
,1969:862
,1970:1177
,1971:1231
,1972:1363
,1973:783
,1974:369
,1975:310
,1976:42
,1977:42
,1978:577
,1979:1607
,1980:1023
,1981:1084
,1982:529
,1983:913
,1984:554
,1985:28
,1986:78
,1987:45
,1988:60
,1989:128
,1990:116
,1995:281
,1996:212
,1997:110
,1998:220
,1999:163
,2000:7
,2001:85
,2002:66
,2003:28
,2004:304
,2005:297
,2006:41
,2007:7
,2008:172
,2009:61
,2010:152
,2011:1023
,2012:733
,2013:487
,2014:1058
Western Sahara,1979:0
,1981:25
,1983:7
,1988:2
,1990:4
Yemen,1990:78
,1991:113
,1994:4
,1995:171
,1998:1
,1999:50
,2000:158
,2001:85
,2002:593
,2003:62
,2004:254
,2005:317
,2006:38
,2007:66
,2008:40
,2009:5
,2010:256
,2011:45
,2012:38
,2013:23
,2014:6
Yugoslavia,1951:182
,1952:490
,1953:525
,1954:534
,1955:334
,1956:322
,1957:366
,1958:112
,1959:180
,1960:259
,1961:178
,1962:400
,1963:627
,1964:463
,1965:549
,1966:544
,1967:693
,1968:681
,1969:586
,1970:554
,1971:486
,1972:328
,1973:163
,1974:156
,1975:565
,1976:526
,1977:591
,1978:397
,1979:760
,1980:492
,1981:440
,1982:631
,1983:576
,1984:289
,1985:354
,1986:343
,1987:328
,1988:712
,1989:331
,1990:280
,1991:124
,1992:2
Zambia,1964:7
,1965:16
,1966:17
,1969:7
,1970:4
,1971:166
,1972:29
,1973:19
,1974:9
,1975:48
,1976:109
,1977:34
,1978:42
,1979:4
,1980:136
,1981:216
,1982:48
,1983:13
,1984:18
,1996:8
,2000:33
,2002:2
,2005:0
,2006:30
,2007:5
,2008:2
,2011:1
,2012:66
ZAPU (Zimbabwe)*,1977:1
,1978:0
,1979:0
Zimbabwe,1950:1
,1951:11
,1952:2
,1953:8
,1954:36
,1955:27
,1956:8
,1958:61
,1960:15
,1962:16
,1963:20
,1967:16
,1971:2
,1972:11
,1973:0
,1974:2
,1975:26
,1976:16
,1977:4
,1978:13
,1981:15
,1982:88
,1983:34
,1984:26
,1985:28
,1986:212
,1987:29
,1988:2
,1990:2
,1991:37
,1992:62
,1993:0
,1998:1
,1999:25
,2000:3
,2001:10
,2003:16
,2005:25
,2006:25
